global_addr,current_symbol,inferred_type,is_pointer,confidence,votes,total,distinct_classes,class_votes,callers,decision_type
0x1420F8950,UIMessageQueue::GetSingleton,UIMessageQueue,0,high,33,33,1,UIMessageQueue:33,MenuOpenHandler::ProcessButton FUN_140915500 ContainerMenu::ProcessMessage FUN_140979f70 UISaveLoadManager::Handle GiftMenu::OpenMenu_Impl,
0x1430FC678,ActorEquipManager::GetSingleton,ActorEquipManager,0,high,14,14,1,ActorEquipManager:14,FUN_1406f20a0 BSTEventSink_SpeechRecognitionEvents::Recognition_::Handle FUN_14048a470 FUN_140877d40 InventoryChanges::RemoveItem FUN_1406fca70,
0x1420F8960,Calendar::GetSingleton,Calendar,0,high,13,13,1,Calendar:13,SkyrimVM::ProcessRegisteredUpdates FUN_1408f43a0 TESPackage::sub_1404398D0 FUN_14072e940 MapMenu::ProcessMessage BGSStoryManagerQuestFinder::Func3,
0x1430FD7F8,PlayerCamera::GetSingleton,PlayerCamera,0,high,11,11,1,PlayerCamera:11,FUN_1407750f0 FUN_14036c5b0 FUN_140764310 Main::Draw FUN_14065d2b0 PlayerCharacter::ctor_140699040,
0x143187778,Inventory3DManager::GetSingleton,Inventory3DManager,0,high,11,11,1,Inventory3DManager:11,ContainerMenu::ProcessMessage GiftMenu::ProcessMessage MagicMenu::ProcessMessage FUN_1408ebc90,
0x143169510,DAT_143169510,ObjectInterface,0,high,10,10,1,ObjectInterface:10,FUN_1405a29b0 FUN_1405a6630 FUN_1405a2800 ModManager::DeleteAllModsConfirmCallback::Func2 FUN_1405a2c30 FUN_1405a7eb0,
0x14315D090,DAT_14315d090,ObjectInterface,0,high,9,9,1,ObjectInterface:9,FUN_140573b30 FUN_140575910 FUN_140574320 FUN_140575d80,
0x1430FDA10,ControlMap::GetSingleton,ControlMap,0,high,8,8,1,ControlMap:8,FUN_14036c5b0 HUDMenu::ProcessMessage FUN_140fa3fa0,
0x1420F8958,InterfaceStrings::GetSingleton,INISettingCollection,1,high,7,7,1,INISettingCollection:7,MapMenu::sub_1408E7160 FastTravelConfirmCallback::Run StatsMenu::sub_1408C51B0 StatsMenu::ProcessMessage,
0x1420F6A10,GarbageCollector::GetSingleton,GarbageCollector,0,high,7,7,1,GarbageCollector:7,FUN_14028d1c0 FUN_1402d60d0 FUN_14061c090 FUN_1406bc9e0 FUN_1402e9950 FUN_140749c50,
0x143186D98,UIBlurManager::GetSingleton,UIBlurManager,0,high,6,6,1,UIBlurManager:6,TutorialMenu::__vecDelDtor FUN_140862b00 BarterMenu::ctor TweenMenu::ProcessMessage,
0x143137580,Pathing::GetSingleton,Pathing,0,high,6,6,1,Pathing:6,MagicCaster::FindTargets FUN_1404f2e80 FUN_1406811b0 CrossHairPickData::Pick_1403AA4B0,
0x143186D40,DAT_143186d40,BSFixedString,0,high,6,6,1,BSFixedString:6,FUN_140614320 Func1,
0x1420F69B0,ProcessLists::GetSingleton,ProcessLists,0,high,5,5,1,ProcessLists:5,FUN_140412ef0 SkyrimScript__Internal__CallbackList::sub_1408F5520 FUN_1407304f0 PlayerCharacter::GoToPrison,
0x1420F69F8,BGSDynamicPersistenceManager::GetSingleton,BGSDynamicPersistenceManager,0,high,5,5,1,BGSDynamicPersistenceManager:5,FUN_14028d1c0 FUN_1403cdb00 FUN_14028cde0 SummonCreatureEffect::Finish FUN_14061c090,
0x1435F11C8,BSScaleformManager::GetSingleton,BSScaleformManager,0,high,4,4,1,BSScaleformManager:4,FUN_140862b00 MainMenu::ctor_1408A12F0 BarterMenu::ctor FUN_1408e3500,
0x143186D58,DAT_143186d58,BSFixedString,0,high,4,4,1,BSFixedString:4,FUN_140614320 Func1,
0x1431AFA00,DAT_1431afa00,NiAVObject,0,high,4,4,1,NiAVObject:4,FUN_1408e8b40 FUN_140988940 FUN_1408e8d40,
0x1435EF160,BSUtilityShader::GetSingleton,BSShader,0,high,4,4,1,BSShader:4,FUN_1414b55e0 FUN_1414cd6a0 BSLightingShaderProperty::Unk_2F,
0x1431380E0,BGSImpactManager::GetSingleton,BGSImpactManager,0,high,4,4,1,BGSImpactManager:4,papyrus::ObjectReference::PlayImpactEffect Main::Update BGSMaterialType::sub Actor::CalculateCurrentHitTargetForWeaponSwing,
0x1431993A0,TaskQueueInterface::GetSingleton,TaskQueueInterface,0,high,4,4,1,TaskQueueInterface:4,FUN_1405d1c30 Explosion::Set3D FUN_14072cfe0 SkyrimScript::DamageObjectFunctor::Func2,
0x14317ABA8,BGSSaveLoadGame::GetSingleton,BGSSaveLoadGame,0,high,4,4,1,BGSSaveLoadGame:4,Explosion::Set3D GameFunc::handler::SetDefaultOpen,
0x1420FBFE0,gFormEditorIdMap,BSFixedString,1,high,2,2,1,BSFixedString:2,FUN_1401e16a0 TESForm::__vecDelDtor,
0x143187750,BSDirectInputManager::GetSingleton,BSDirectInputManager,0,high,2,2,1,BSDirectInputManager:2,BSWin32MouseDevice::Initialize BSWin32MouseDevice::Process,
0x14338C8A0,DAT_14338c8a0,NiCullingProcess,1,high,2,2,1,NiCullingProcess:2,Main::Draw Main::Update,
0x1431874E0,gWeatherNode,NiAVObject,0,high,2,2,1,NiAVObject:2,FUN_1405b05a0 FUN_1406452c0,
0x1420FBA70,SkyrimVM::GetSingleton,SkyrimVM,0,high,2,2,1,SkyrimVM:2,Main::Update,
0x143271D80,DAT_143271d80,BSReadWriteLock,0,high,2,2,1,BSReadWriteLock:2,FUN_140c44a80,
0x14317ABE0,MagicFavorites::GetSingleton,MagicFavorites,0,high,2,2,1,MagicFavorites:2,MagicMenu::ProcessMessage,
0x1431874F8,PlayerCharacter::GetSingleton,Actor,0,medium,45,85,11,Actor:45 PlayerCharacter:13 TESObjectREFR:9 BSReadWriteLock:6 AIProcess:4 Character:3 BSTempEffectParticle:1 TaskQueueInterface:1 NiPoint3:1 ActorProcess:1 ActorValueOwner:1,FUN_1407750f0 FUN_1402d1280 TelekinesisEffect::Start ContainerMenu::ProcessMessage MapMenu::sub_1408E6140 RaceSexMenu::Func4_v2,
0x1431872C8,TES::GetSingleton,TES,0,medium,13,18,4,TES:13 TESWorldSpace:3 BSAudioManager:1 Sky:1,FUN_1402d1280 FUN_14048de50 FUN_140764310 Actor::Move FUN_140646fc0 FUN_1404bf050,
0x142033060,BSShaderManager::State::GetSingleton,ShadowSceneNode,0,medium,6,8,2,ShadowSceneNode:6 BSShadowDirectionalLight:2,FUN_14019dc90 Explosion::Set3D FUN_1414cbff0 ResetCalculatedShadowCasterLights NiCamera::CalculateAndDrawShadowCasterLights FUN_140742410,
0x1420F6320,TESDataHandler::GetSingleton,TESDataHandler,0,medium,6,7,2,TESDataHandler:6 DataHandler:1,BSValueNode::sub TESForm::Constructor FUN_140642bd0 BGSSaveLoadGame::LoadMods FUN_1402df690 GameFunc::handler::AttachAshPile,
0x14317ABF0,BGSSaveLoadManager::GetSingleton,BGSSaveLoadManager,0,medium,2,3,2,BGSSaveLoadManager:2 BSFixedString:1,FUN_140614320 ConsoleFunc::handler::LoadGame FUN_1409426a0,
0x143187780,UI3DSceneManager::GetSingleton,UI3DSceneManager,0,medium,2,3,2,UI3DSceneManager:2 ShadowSceneNode:1,FUN_14094e720 FUN_140974b70 Inventory3DManager::InitializeDisplayObject,
0x14315CEA0,BSInputDeviceManager::GetSingleton,BSInputDeviceManager,0,medium,2,3,2,BSInputDeviceManager:2 Rumble:1,FUN_14063fa50 Main::Update Main::SetActive,
0x143138ED0,CrosshairPickData::GetSingleton,CrossHairPickData,0,medium,1,1,1,CrossHairPickData:1,PlayerCharacter::dtor_impl,
0x1431384A8,gUISaveLoadManager,UISaveLoadManager,0,medium,1,1,1,UISaveLoadManager:1,JournalMenu::ProcessMessage,
0x1431380E8,MenuControls::GetSingleton,MenuControls,0,medium,1,1,1,MenuControls:1,FUN_1408be990,
0x1420F8978,TESWaterSystem::GetSingleton,TESWaterSystem,0,medium,1,1,1,TESWaterSystem:1,FUN_140526910,
0x143257EE0,DAT_143257ee0,BSWin32SystemUtility,0,medium,1,1,1,BSWin32SystemUtility:1,FUN_140640120,
0x1431872C0,Main::GetSingleton,Main,0,medium,1,1,1,Main:1,FUN_140640120,
0x1430FD380,ScreenSplatter::GetSingleton,ScreenSplatter,0,medium,1,1,1,ScreenSplatter:1,FUN_14060a5b0,
0x1430FDAA0,VATS::GetSingleton,VATS,0,medium,1,1,1,VATS:1,FUN_14060a5b0,
0x143275DF0,DAT_143275df0,IOManager,0,medium,1,1,1,IOManager:1,TES::sub,
0x1420F8940,SubtitleManager::GetSingleton,SubtitleManager,0,medium,1,1,1,SubtitleManager:1,PlayerCharacter::sub_1406B7C50,
0x143144FB8,DAT_143144fb8,BSNavmeshInfoMap,0,medium,1,1,1,BSNavmeshInfoMap:1,FUN_1411ed820,
0x143138E90,DAT_143138e90,AnimationFileManagerSingleton,0,medium,1,1,1,AnimationFileManagerSingleton:1,FUN_1407c52b0,
0x1431874C0,Main::WorldRootNode,NiCamera,0,low,1,2,2,NiCamera:1 NiAVObject:1,Main::Draw FUN_1405b05a0,
