# string_anchor: PC RVA | qualified name | source string text
0x0000FAE0|BaseExtraList::RemoveAll|BaseExtraList::RemoveAll()
0x0000FCA0|BaseExtraList::RemoveAllDefault|BaseExtraList::RemoveAllDefault()
0x0000FE20|BaseExtraList::ItemsInList|BaseExtraList::ItemsInList()
0x0000FF60|BaseExtraList::AddExtra|BaseExtraList::AddExtra()
0x00010140|BaseExtraList::GetExtraData|BaseExtraList::GetExtraData()
0x000102D0|BaseExtraList::GetPrevExtraData|BaseExtraList::GetPrevExtraData()
0x00011EC0|ExtraDataList::CopyList|ExtraDataList::CopyList()
0x00011EC0|ExtraDataList::RemoveAllCopyableExtra|ExtraDataList::RemoveAllCopyableExtra()
0x000120B0|ExtraDataList::RemoveNonPersistentCellData|ExtraDataList::RemoveNonPersistentCellData()
0x000121E0|ExtraDataList::CopyListForContainer|ExtraDataList::CopyListForContainer()
0x00012380|ExtraDataList::DuplicateExtraListForContainer|ExtraDataList::DuplicateExtraListForContainer()
0x00012490|ExtraDataList::CopyListForReference|ExtraDataList::CopyListForReference()
0x000126C0|ExtraDataList::CompareListForContainer|ExtraDataList::CompareListForContainer()
0x000127E0|ExtraDataList::CompareList|ExtraDataList::CompareList()
0x00027E90|ExtraDataList::SaveGame|SAVELOAD: Unknown extra data type %i found in ExtraDataList::SaveGame
0x00069800|TESDataHandler::GetNextID|TESDataHandler::GetNextID
0x00090500|TESAnimGroup::GetSequenceType|ANIMATION: Animation sequence '%s' not found in TESAnimGroup::GetSequenceType for file '%s'.
0x00122C80|TESObjectWEAP::GetCombatWeaponType|COMBAT: Unknown weapon type %i encountered in function TESObjectWEAP::GetCombatWeaponType().
0x0012B0F0|TESClimate::MakeDefault|DEFAULT: Unable to add default weather to default climate.  ( TESClimate::MakeDefault() )
0x00141AC0|TESObjectCELL::CellRefLockEnter|TESObjectCELL::CellRefLockEnter()
0x001ADD00|Script::ParseParameters|DEFAULT: Param type '%d' (referenced object) unimplemented in Script::ParseParameters.
0x001E5B80|BGSEntryPointFunction::CheckFunctionArguments|DEFAULT: Invalid function data type %i passed to BGSEntryPointFunction::CheckFunctionArguments.  Expected %i.
0x001EA060|BGSEntryPointPerkEntry::CheckConditionFilters|DEFAULT: Bad Filter form %08X %s sent to BGSEntryPointPerkEntry::CheckConditionFilters.
0x00259CE0|BSFaceGenModel::LoadModelMesh|MODELS: Failed to load '%s' in BSFaceGenModel::LoadModelMesh.
0x002C3640|NavMeshObstacleManager::Update|NavMeshObstacleManager::Update()
0x002C3920|NavMeshObstacleManager::GetProcessedTaskCount|NavMeshObstacleManager::GetProcessedTaskCount()
0x002C3970|NavMeshObstacleManager::GetBackgroundTaskCount|NavMeshObstacleManager::GetBackgroundTaskCount()
0x002C4F70|NavMeshObstacleManager::AddProcessedTask|NavMeshObstacleManager::AddProcessedTask()
0x002EAE40|PathManagerImpl::Update|PathManagerImpl::Update
0x002EB310|PathManagerImpl::Pause|PathManagerImpl::Pause
0x002EB3B0|PathManagerImpl::Resume|PathManagerImpl::Resume
0x00361A20|DialogMenu::Create|MENUS: DialogMenu::Create() called with a null speaker, which shouldn't happen.  Notify your friendly Interface programm
0x003638B0|DialogMenu::LoadTopicsList|ERROR: DialogMenu::LoadTopicsList(): has a topic without topictext OR info prompt: %s
0x0036A540|HackingMenu::TransitionToComputersMenu|MENUS: HackingMenu::TransitionToComputersMenu being called but we are not in a renderedterminal.  Creating a new one.
0x0036B960|QuestUpdateManager::SetCustomQuestText|QuestUpdateManager::SetCustomQuestText() - Invalid aiCustomQueuePriority (%i)!  Setting to HCQQP_NORMAL.
0x0037A650|HUDMainMenu::UpdateQuestText|HUDMainMenu::UpdateQuestText is trying to handle an invalid CustomTextJustification (%i).  Defaulting to %i.
0x003FC400|FORenderedMenu::CreateMenuLight|MENUS: FORenderedMenu::CreateMenuLight could not find light node '%s' in the rendered menu with mesh '%s'
0x00434260|FalloutRadio::UpdateStation|FalloutRadio::UpdateStation
0x004359E0|FalloutRadio::SetBroadcastState|FalloutRadio::SetBroadcastState
0x00435BE0|FalloutRadio::StartRadioConversation|FalloutRadio::StartRadioConversation
0x00443630|BGSReconstructFormsInAllFilesMap::AddForm|Form %08X %s with type %s and no file passed to BGSReconstructFormsInAllFilesMap::AddForm()
0x00447850|BGSSaveLoadGame::SaveGame|SAVELOAD: Could not find form %08X with change flags %08X during BGSSaveLoadGame::SaveGame()
0x0044A880|BGSSaveLoadGame::ClearForm|FORMS: Form %08X with form type %i %s was re-numbered by BGSSaveLoadGame::ClearForm()
0x00458730|TESSaveLoadGame::LoadForm|TESSaveLoadGame::LoadForm
0x00468270|GarbageCollector::Remove|GarbageCollector::Remove(TESObjectREFR)
0x00468850|GarbageCollector::Update|GarbageCollector::Update()
0x00468D10|GarbageCollector::ClearTempEffects|GarbageCollector::ClearTempEffects()
0x00468D70|GarbageCollector::ClearAll|GarbageCollector::ClearAll()
0x00495110|Actor::PickAnimations|AI: Don't call Actor::PickAnimations on the 1st person pc.
0x004B8CA0|Actor::IntegrateFactionLists|AI: Maximum number of factions %i reached in Actor::IntegrateFactionLists for actor '%s' (%08X)
0x0054EB40|PlayerCharacter::Set3D|MODEL: PlayerCharacter::Set3D( 0 ) called before the game was over.
0x00553060|PlayerCharacter::FocusOnActor|DIALOGUE: PlayerCharacter::FocusOnActor( ): Attempting to talk to an object '%s' without a 'Bip01 Head'.
0x00591F80|CombatManager::SplitPlayerCombatGroup|COMBAT: Could not move player teammate %s (%08X) to the player's new group in CombatManager::SplitPlayerCombatGroup()
0x0059AC20|CombatState::FindCombatLocation|COMBAT: Invalid combat location type %i passed to CombatState::FindCombatLocation()
0x005B8030|MissileProjectile::UpdateProjectile|---> Get3D() has failed in MissileProjectile::UpdateProjectile for projectile: %s!
0x005DAAB0|CombatProcedureUseCombatItem::Update|COMBAT: Unhandled form type %s in CombatProcedureUseCombatItem::Update()
0x006A59B0|ScrapHeapManager::RequestBuffer|ScrapHeapManager::RequestBuffer()
0x006A5B70|ScrapHeapManager::ReleaseBuffer|ScrapHeapManager::ReleaseBuffer()
0x006A5C80|ScrapHeapManager::FreeAllBuffers|ScrapHeapManager::FreeAllBuffers()
0x006A5D40|ScrapHeapManager::FreeBuffers|ScrapHeapManager::FreeBuffers()
0x006A6AA0|MemoryPool::Allocate|MemoryPool::Allocate
0x006A6C70|MemoryPool::Free|MemoryPool::Free
0x006A6F90|MemoryPool::FreeUnusedPagesForAllPools|MemoryPool::FreeUnusedPagesForAllPools()
0x00705210|CSpeedTreeRT::MakeInstance|CSpeedTreeRT::MakeInstance
0x00706660|CSpeedTreeRT::SetBranchLightingMethod|CSpeedTreeRT::SetBranchLightingMethod
0x00706810|CSpeedTreeRT::SetLeafLightingMethod|CSpeedTreeRT::SetLeafLightingMethod
0x007069C0|CSpeedTreeRT::SetFrondLightingMethod|CSpeedTreeRT::SetFrondLightingMethod
0x00706C10|CSpeedTreeRT::SetCamera|CSpeedTreeRT::SetCamera
0x007071F0|CSpeedTreeRT::SetLeafRockingState|CSpeedTreeRT::SetLeafRockingState
0x00707510|CSpeedTreeRT::SetLeafWindMethod|CSpeedTreeRT::SetLeafWindMethod
0x007076E0|CSpeedTreeRT::SetBranchWindMethod|CSpeedTreeRT::SetBranchWindMethod
0x00707900|CSpeedTreeRT::SetFrondWindMethod|CSpeedTreeRT::SetFrondWindMethod
0x00707B00|CSpeedTreeRT::SetWindStrength|CSpeedTreeRT::SetWindStrength
0x00707DB0|CSpeedTreeRT::SetNumWindMatrices|CSpeedTreeRT::SetNumWindMatrices
0x00708050|CSpeedTreeRT::SetLocalMatrices|CSpeedTreeRT::SetLocalMatrices
0x00708200|CSpeedTreeRT::ComputeLodLevel|CSpeedTreeRT::ComputeLodLevel
0x007088B0|CSpeedTreeRT::DeleteBranchGeometry|CSpeedTreeRT::DeleteBranchGeometry
0x00708AF0|CSpeedTreeRT::GetLeafBillboardTable|CSpeedTreeRT::GetLeafBillboardTable
0x00708C80|CSpeedTreeRT::ComputeLeafStaticLighting|CSpeedTreeRT::ComputeLeafStaticLighting
0x00708C80|CSpeedTreeRT::NotifyAllTreesOfEvent|CSpeedTreeRT::NotifyAllTreesOfEvent
0x0070A7A0|CSpeedTreeRT::DeleteFrondGeometry|CSpeedTreeRT::DeleteFrondGeometry
0x0070AA20|CSpeedTreeRT::GetGeometry|CSpeedTreeRT::GetGeometry
0x0070C8D0|CSpeedTreeRT::GetLeafLodSizeAdjustments|CSpeedTreeRT::GetLeafLodSizeAdjustments
0x0070CFF0|CSpeedTreeRT::GetTextures|CSpeedTreeRT::GetTextures
0x00754B60|BSShaderManager::CreateTangentSpaceSimple|BSShaderManager::CreateTangentSpaceSimple(): Trying to create a tangent space for a trigeom with no normals.  Aborted.
0x008E61C0|hkaSkeletonMapperUtils::createMapping|hkaSkeletonMapperUtils::createMapping
0x008FC1D0|hkpCollisionDispatcher::debugPrintTable|hkpCollisionDispatcher::debugPrintTable
