# CommonLib-documented vtable methods: 0xRVA|Class::method
0x00401130|TESForm::FindInFileFast
0x00401150|TESForm::SetDelete
0x00401190|TESForm::SaveObjectBound
0x004011B0|TESForm::IsBoundObject
0x004011B0|TESForm::IsObject
0x004011D0|TESForm::IsMagicItem
0x004011D0|TESForm::IsWater
0x004011F0|TESForm::AsReference1
0x00401210|TESForm::AsReference2
0x00401230|TESForm::GetRefCount
0x00401250|TESForm::GetTextForParsedSubTag
0x00401270|TESObjectREFR::CheckForCurrentAliasPackage
0x00401280|TESBoundObject::GetActivateText
0x00401280|TESBoundObject::ReplaceModel
0x00401280|TESObjectREFR::SetCurrentScene
0x00401290|BoundItemEffect::ClearTargetImpl
0x00401290|ScriptEffect::ClearTargetImpl
0x00401290|TESBoundObject::CalculateDoFavor
0x00401290|TESForm::CreateDuplicateForm
0x00401290|TESForm::LoadEdit
0x00401290|TESObjectREFR::GetExclusiveBranch
0x00402B10|AlchemyItem::InitializeData
0x00402EA0|AlchemyItem::ClearData
0x00402EA0|AlchemyItem::GetDefaultKeyword
0x00408DA0|TESModel::SetModel
0x00409160|EnchantmentItem::InitializeData
0x00409310|EnchantmentItem::ClearData
0x0040F000|ExtraCellAcousticSpace::GetType
0x0040F140|ExtraCellImageSpace::GetType
0x0040F700|ExtraActivateLoopSound::GetType
0x0040F700|ExtraActivateRefChildren::GetType
0x0040F700|ExtraActorCause::GetType
0x0040F700|ExtraAshPileRef::GetType
0x0040F700|ExtraCannotWear::GetType
0x0040F700|ExtraCreatureMovementSound::GetType
0x0040F700|ExtraDroppedItemList::GetType
0x0040F700|ExtraEditorRefMoveData::GetType
0x0040F700|ExtraEnableStateChildren::GetType
0x0040F700|ExtraFactionChanges::GetType
0x0040F700|ExtraFollowerSwimBreadcrumbs::GetType
0x0040F700|ExtraLeveledCreature::GetType
0x0040F700|ExtraLinkedRefChildren::GetType
0x0040F700|ExtraModelSwap::GetType
0x0040F700|ExtraObjectHealth::GetType
0x0040F700|ExtraOpenCloseActivateRef::GetType
0x0040F700|ExtraPersistentCell::GetType
0x0040F700|ExtraPlayerCrimeList::GetType
0x0040F700|ExtraProcessMiddleLow::GetType
0x0040F700|ExtraReservedMarkers::GetType
0x0040F700|ExtraSavedAnimation::GetType
0x0040F700|ExtraSavedHavokData::GetType
0x0040F700|ExtraSayToTopicInfo::GetType
0x0040F700|ExtraStartingWorldOrCell::GetType
0x0040F700|ExtraTerminalState::GetType
0x0040F700|ExtraTresPassPackage::GetType
0x0040F700|ExtraWeaponAttackSound::GetType
0x0041FD20|ExtraPatrolRefData::GetType
0x00420300|ExtraPortalRefData::GetType
0x00430850|ExtraStartingPosition::GetType
0x00431030|ExtraGuardedRefData::GetType
0x004319D0|ExtraOriginalReference::GetType
0x00431A70|ExtraOwnership::GetType
0x00432770|ExtraPackageStartLocation::GetType
0x00433340|ExtraEnableStateParent::GetType
0x004334E0|ExtraRandomTeleportMarker::GetType
0x00433670|ExtraLinkedRef::GetType
0x00434620|ExtraReflectedRefs::GetType
0x004349C0|ExtraWaterLightRefs::GetType
0x00434BB0|ExtraReflectorRefs::GetType
0x00434E30|ExtraLitWaterRefs::GetType
0x00435070|ExtraLevCreaModifier::GetType
0x00435310|ExtraLastFinishedSequence::GetType
0x004354C0|ExtraEmittanceSource::GetType
0x00436AA0|TESObjectREFR::UpdateAnimation
0x00437370|ExtraPrimitive::GetType
0x00437A30|ExtraPatrolRefInUseData::GetType
0x0043FCD0|TESObjectREFR::GetBoundMax
0x004534F0|Actor::GetEyeVector
0x004534F0|Actor::SetRefraction
0x004534F0|BSMultiBoundShape::Unk_2E
0x004534F0|BSTempEffect::FinishLoadGame
0x004534F0|BSTempEffect::LoadGame
0x004534F0|NiCollisionObject::Unk_26
0x004534F0|TESActorBaseData::CopyFromTemplateForms
0x004534F0|TESBoundObject::OnFinishScale
0x004534F0|TESForm::FinishLoadGame
0x004534F0|TESForm::GetMustUpdate
0x004534F0|TESForm::GetObstacle
0x004534F0|TESForm::GetPlayable
0x004534F0|TESForm::QHasCurrents
0x004534F0|TESForm::QIsLODLandObject
0x004534F0|TESForm::SetFormID
0x004534F0|TESForm::SetOnLocalMap
0x004534F0|TESObjectREFR::GetBiped1
0x004534F0|TESObjectREFR::GetCurrentBiped
0x004534F0|TESObjectREFR::Load3D
0x004534F0|TESObjectREFR::SetBiped
0x004534F0|TESObjectREFR::SetObjectReference
0x004534F0|TESObjectREFR::ShouldPerformRevert
0x004534F0|bhkSerializable::Unk_30
0x0047C770|TESActorBaseData::GetIsGhost
0x0047C790|TESActorBaseData::GetInvulnerable
0x0047C7B0|TESActorBaseData::Unk_07
0x0047C7D0|TESActorBaseData::GetVoiceType
0x0047C850|Actor::InitiateCannibalPackage
0x0047C850|Actor::PayFine
0x0047C850|BSTempEffect::IsInterfaceEffect
0x0047C850|BSTempEffect::Update
0x0047C850|Explosion::FindTargets
0x0047C850|NavMesh::ProcessBeforeSave
0x0047C850|NavMesh::Save
0x0047C850|NavMesh::SavesBefore
0x0047C850|NiTimeController::SetTarget
0x0047C850|NiTimeController::Update
0x0047C850|TESBoundObject::OnCopyReference
0x0047C850|TESBoundObject::OnRemove3D
0x0047C850|TESForm::GetObjectTypeName
0x0047C850|TESForm::QAvailableInGame
0x0047C850|TESObject::Clone3D
0x0047C850|TESObject::DecRef
0x0047C850|TESObject::GetWaterType
0x0047C850|TESObject::IsAutoCalc
0x0047C850|TESObject::IsBoundAnimObject
0x0047C850|TESObject::LoadGraphics
0x0047C850|TESObject::SetAutoCalc
0x0047C850|TESObject::Unk_3B
0x0047C850|TESObjectREFR::ForceEditorLocation
0x0047C850|TESObjectREFR::GetAllowPromoteToPersistent
0x0047C850|TESObjectREFR::GetCurrent3D
0x0047C850|TESObjectREFR::GetEditorLocation2
0x0047C850|TESObjectREFR::GetLinearVelocity
0x0047C850|TESObjectREFR::Predestroy
0x0047C850|TESObjectREFR::QCanUpdateSync
0x0047C850|TESObjectREFR::SetActionComplete
0x0047C850|TESObjectREFR::SetFireNode
0x0047C850|TESObjectREFR::SetMovementComplete
0x0047C850|TESObjectREFR::Update3DPosition
0x0047C850|TESObjectREFR::UpdateSoundCallBack
0x0047C850|TESPackage::IsActorAtLocation
0x0047C850|TESPackage::IsActorAtRefTarget
0x0047C850|TESPackage::IsActorAtSecondLocation
0x0047C850|TESPackage::IsPackageOwner
0x0047C850|TESPackage::IsTargetAtLocation
0x0047C850|TESRegion::Validate
0x0047C850|bhkSerializable::GetWorld2
0x0047C850|bhkWorld::GetWorld2
0x0047C850|hkpShape::IsConvex
0x0047FF30|TESAttackDamageForm::GetAttackDamage
0x00483600|TESForm::InitializeData
0x00483710|Actor::Visit
0x00483710|AlchemyItem::GetDelivery
0x00483710|BoundItemEffect::Finish
0x00483710|MagicItem::VisitWeapon
0x00483710|ScriptEffect::Finish
0x00483710|TESForm::Activate
0x00483710|TESForm::ClearData
0x00483710|TESForm::GetIgnoredBySandbox
0x00483710|TESForm::Load
0x00483710|TESForm::RemoveChange
0x00483710|TESGrass::GetMaxSlopeDegrees
0x00483710|bhkShapeCollection::Unk_36
0x00483D20|TESForm::AddChange
0x00483FC0|TESForm::CheckSaveGame
0x00484020|TESForm::LoadGame
0x00484150|TESForm::SaveGame
0x00484530|TESForm::CreateGroupData
0x00484730|TESForm::GetFormEditorID
0x00484860|TESForm::SetFormEditorID
0x004848B0|TESForm::IsParentForm
0x00484900|TESForm::IsParentFormTree
0x00484950|TESForm::IsFormTypeChild
0x004849D0|TESForm::Copy
0x00484B60|TESForm::Revert
0x00484BC0|AlchemyItem::InitItemImpl
0x00484BC0|EnchantmentItem::InitItemImpl
0x00484BC0|TESForm::InitItemImpl
0x00484BF0|TESForm::GetDescriptionOwnerFile
0x00484C20|TESForm::GetFormDetailedString
0x00484C50|TESForm::GetRandomAnim
0x00484D60|TESForm::GetSavedFormType
0x00484DA0|TESForm::GetKnown
0x00485130|TESObject::IsMarker
0x00485170|TESObject::IsOcclusionMarker
0x004854E0|TESObject::ReplaceModel
0x00485530|TESObject::IncRef
0x00485C10|TESBoundObject::Clone3D
0x00485C10|TESObjectREFR::GetCurrentScene
0x004867A0|TESForm::InitLoadGame
0x004868F0|TESForm::SetAltered
0x00487790|TESLeveledList::GetChanceNone
0x00487840|TESLeveledList::GetMultCalc
0x00489010|TESModel::GetModel
0x00489100|TESModel::GetAsModelTextureSwap
0x0048CE80|MagicItem::VisitModel
0x0048E580|TESTexture::GetAsNormalFile
0x0048E720|TESTexture::GetDefaultPath
0x004F2A20|TESRegionDataLandscape::GetIconFileName
0x004F2A70|TESRegionDataLandscape::SetIconFileName
0x004F2EB0|TESRegionDataLandscape::LoadIcon
0x004F4F70|TESRegionDataSound::Load
0x004F5570|TESRegionDataWeather::Unk_08
0x004F89C0|GameSettingCollection::Unk_0A
0x00509AA0|TESGrass::SetColorRange
0x00509AC0|TESGrass::SetWavePeriod
0x00509AF0|TESGrass::GetVertexLighting
0x00509B20|TESGrass::GetUniformScaling
0x00509D30|TESGrass::GetHeightRange
0x00509D60|TESGrass::GetColorRange
0x00509DA0|TESGrass::GetWavePeriod
0x0050EE20|TESGrass::SetUnderwaterState
0x0050EE50|AlchemyItem::GetSpellType
0x0050EE50|BGSTalkingActivator::GetReflectedByAutoWater
0x0050EE50|TESActorBase::GetHasPLSpecTex
0x0050EE50|TESGrass::GetDensity
0x0050EE50|TESObjectMISC::SaveImpl
0x0050F5D0|TESGrass::SetMaxSlopeDegrees
0x0050F600|TESGrass::GetPositionRange
0x0050F670|TESBoundObject::GetObjectVoiceType
0x0050F9E0|AlchemyItem::GetCastingType
0x0050F9E0|TESActorBase::SetCombatStyle
0x0050F9E0|TESGrass::GetMinSlopeDegrees
0x0050F9E0|TESObjectMISC::InitImpl
0x0050FB90|TESActorBase::GetAsForm
0x0050FB90|TESGrass::SetMinSlopeDegrees
0x0050FBF0|TESActorBase::GetCombatStyle
0x0050FBF0|TESGrass::SetDensity
0x0050FBF0|TESObjectMISC::LoadImpl
0x0050FE50|AlchemyItem::IsFood
0x0050FE50|TESGrass::GetUnderwaterState
0x00529530|NiObject::GetRTTI
0x00549580|TESForm::LoadObjectBound
0x0055A3B0|TESObjectREFR::ModifyAnimationUpdateData
0x0055C3E0|TESObjectREFR::DamageObject
0x0055D230|TESObjectREFR::GetFullLODRef
0x0055D480|TESObjectREFR::UpdateInDialogue
0x0055E4D0|TESObjectREFR::SetFullLODRef
0x0055E5E0|TESObjectREFR::GetSequencer
0x00561DF0|TESObjectREFR::SetExclusiveBranch
0x005649B0|TESObjectREFR::GetStartingAngle
0x00564A00|TESObjectREFR::GetStartingLocation
0x00564AB0|TESObjectREFR::SetStartingPosition
0x00564B00|TESObjectREFR::UpdateRefLight
0x00564B70|TESObjectREFR::RemoveItem
0x00564BC0|TESObjectREFR::AddWornItem
0x00565690|TESObjectREFR::DoTrap1
0x00567050|TESObjectREFR::Unk_78
0x00567F00|TESObjectREFR::AddObjectToContainer
0x00567F40|TESObjectREFR::DoTrap2
0x0056B2D0|TESObjectREFR::PopulateGraphProjectsToLoad
0x0056D490|bhkWorldObject::Unk_32
0x0056F6B0|TESObjectREFR::Unk_75
0x0056FB10|TESObjectREFR::InitNonNPCAnimation
0x0056FBA0|TESObjectREFR::CheckAndFixSkinAndBoneOrder
0x005702E0|TESObjectREFR::GetBoundMin
0x005722C0|TESObjectREFR::GetFireNode
0x005725B0|TESObjectREFR::Disable
0x00572820|TESObjectREFR::IsChild
0x00572B00|TESObjectREFR::GetLookingAtLocation
0x00572B30|TESObjectREFR::GetMagicCaster
0x00572B60|TESObjectREFR::GetMagicTarget
0x00573150|TESObjectREFR::ShouldSaveAnimationOnSaving
0x00574920|TESObjectREFR::RemoveWeapon
0x00574A80|TESObjectREFR::GetFaceNodeSkinned
0x005750A0|TESObjectREFR::GetTemplateActorBase
0x00575330|TESObjectREFR::SetTemplateActorBase
0x00575380|TESObjectREFR::GetFaceNode
0x00575BB0|TESObjectREFR::ResetInventory
0x00575E30|TESObjectREFR::InitHavok
0x00575F30|TESObjectREFR::Unk_67
0x00576130|TESObjectREFR::ClampToGround
0x005762B0|TESObjectREFR::DetachHavok
0x00576330|TESObjectREFR::Release3DRelatedData
0x00576390|TESObjectREFR::Set3D
0x005763F0|TESObjectREFR::ShouldBackgroundClone
0x00576420|TESObjectREFR::Unk_6E
0x00576470|TESObjectREFR::Get3D1
0x00576680|TESObjectREFR::Get3D2
0x005768B0|TESObjectREFR::Is3rdPersonVisible
0x00578920|TESObjectREFR::GetBiped2
0x00578A80|TESObjectREFR::StopCurrentDialogue
0x00579160|TESObjectREFR::SetActorCause
0x00579220|TESObjectREFR::GetActorCause
0x0057A740|TESObjectREFR::AsProjectile
0x0057A770|TESObjectREFR::AsExplosion
0x0058E430|TESGrass::GetFitToSlope
0x005D43C0|BSFile::seek
0x00633260|Atmosphere::Unk_04
0x006335D0|Atmosphere::Update
0x0064F850|BSFaceGenKeyframeMultiple::IsValueValid
0x0064F900|BSFaceGenKeyframeMultiple::Allocate
0x00673400|DetectLifeEffect::CheckCustomSkillUseConditions
0x006828A0|BSTempEffect::Initialize
0x006828E0|BSTempEffect::Get3D
0x00682920|BSTempEffect::GetClearWhenCellIsUnloaded
0x00682990|BSTempEffect::SaveGame
0x00682A30|BSTempEffect::GetManagerHandlesSaveLoad
0x00682A80|BSTempEffect::GetType
0x0068A830|TESGrass::SetUniformScaling
0x006FE520|TESGrass::SetPositionRange
0x007CFD00|TESGrass::SetHeightRange
0x00802D90|DetectLifeEffect::Update
0x00802D90|InvisibilityEffect::Update
0x00802D90|NightEyeEffect::Update
0x00805670|InvisibilityEffect::FinishLoadGame
0x00805760|BoundItemEffect::Revert
0x008066D0|BoundItemEffect::LoadGame
0x008066D0|ScriptEffect::LoadGame
0x008066D0|ValueAndConditionsEffect::LoadGame
0x008067B0|DetectLifeEffect::ShouldDispelOnDeath
0x00806F00|bhkCharacterController::GetPositionImpl
0x008082C0|BoundItemEffect::ProcessEvent
0x00808680|BoundItemEffect::Start
0x008091A0|BoundItemEffect::CanFinish
0x00809A00|BoundItemEffect::Update
0x00809E60|BoundItemEffect::SaveGame
0x0080A2D0|BoundItemEffect::FinishLoadGame
0x0080C210|CureEffect::Start
0x0080C570|DarknessEffect::Start
0x0080DA00|DispelEffect::Start
0x0080E110|InvisibilityEffect::Start
0x0080E540|InvisibilityEffect::Revert
0x0080F2F0|ValueAndConditionsEffect::SaveGame
0x0080F470|LockEffect::Start
0x00825810|NightEyeEffect::Start
0x00826190|OpenEffect::Start
0x00827AC0|ScriptEffect::Start
0x00827C20|ScriptEffect::Update
0x00827D30|ScriptEffect::SaveGame
0x0082BBE0|DetectLifeEffect::GetAllowMultipleCastingSourceStacking
0x0082C490|DarknessEffect::Finish
0x0082C490|InvisibilityEffect::Finish
0x0082C490|NightEyeEffect::Finish
0x0082CA50|ValueModifierEffect::SetActorValue
0x0082D680|TESGrass::SetVertexLighting
0x0084E3A0|TESEnchantableForm::GetCastingType
0x0086A830|TESObjectREFR::Unk_68
0x0087D5E0|Actor::PotentiallyFixRagdollState
0x0087D600|Actor::DetachCharController
0x0087D630|Actor::GetAcrobatics
0x0087D6A0|Actor::ServePrisonTime
0x0087D6C0|Actor::GoToPrison
0x0087D7D0|Actor::SetCrimeGoldValue
0x0087D7F0|Actor::ModCrimeGoldValue
0x0087D810|Actor::RemoveCrimeGoldValue
0x0087D880|Actor::Unk_C4
0x0087EAC0|Actor::SetCannibal
0x0087F750|Actor::SetAvoidanceDisabled
0x0087F7A0|Actor::DrawWeaponMagicHands
0x0087F900|Actor::GetHeading
0x008815A0|Actor::OnItemEquipped
0x00888AC0|Actor::PutActorOnMountQuick
0x00888AF0|Actor::Update
0x00888B20|Actor::UpdateNoAI
0x00888B50|Actor::GetVampireFeed
0x008A6A00|Actor::UpdateNonRenderSafe
0x008B1070|Actor::Unk_A2
0x008B1910|Actor::InitiateVampireFeedPackage
0x008B2F90|Actor::Unk_B3
0x008BC750|Actor::PlayPickUpSound
0x008BD7B0|Actor::UpdateCharacterControllerSimulationSettings
0x008C1320|Actor::SetVampireFeed
0x008D0360|NiTimeController::ComputeScaledTime
0x008D0360|TESForm::LoadPartial
0x008D0360|TESObjectREFR::GetEditorLocation1
0x008D0360|bhkNiCollisionObject::Unk_2F
0x008D0370|BSMultiBoundShape::SetCenter
0x008D0370|ExtraSayTopicInfoOnceADay::GetType
0x008D0370|TESBoundObject::SetObjectVoiceType
0x008D0370|TESForm::GetOnLocalMap
0x008D0370|TESGrass::GetMinSlope
0x008D0370|TESObjectREFR::HasKeywordHelper
0x008D0370|bhkSerializable::GetWorld1
0x008D0370|bhkWorld::GetWorld1
0x008D0600|Explosion::Update
0x008D0600|NiCollisionObject::Unk_27
0x008D0600|TESForm::GetDangerous
0x008D0600|TESForm::IsHeadingMarker
0x008D0600|TESGrass::GetMaxSlope
0x008D0600|TESObjectREFR::GetFaceGenAnimationData
0x008D0600|bhkShape::Unk_35
0x008D8940|Actor::Unk_B4
0x009307D0|Actor::RemoveCharController
0x00930810|Actor::SetPosition
0x009315C0|Actor::GetCannibal
0x00931620|Actor::KillDying
0x00931F30|Actor::Resurrect
0x00931F80|Actor::GetCrimeGoldValue
0x00933D20|Explosion::Initialize
0x00978F30|bhkSerializable::RemoveFromCurrentWorld
0x009B7CC0|MissileProjectile::Unk_C2
0x009B7E40|MissileProjectile::Unk_C3
0x009CBB10|BSTempEffect::Detach
0x009D1B50|TESGrass::SetFitToSlope
0x00A29680|NiAVObject::UpdateWorldBound
0x00A29680|NiAccumulator::StartGroupingAlphas
0x00A29680|NiInterpolator::IsColorAValueSupported
0x00A29680|NiPSysModifier::Update
0x00A29680|NiParticlesData::RemoveParticle
0x00A29680|hkpBroadPhase::Defragment
0x00A29680|hkpConstraintOwner::CheckAccessRW
0x00A29680|hkpPhantom::Clone
0x00A2F8F0|NiInterpController::GetInterpolator
0x00A57020|NiInterpolator::Update1
0x00A57020|NiInterpolator::Update2
0x00A57020|NiInterpolator::Update3
0x00A57020|NiInterpolator::Update4
0x00A57030|NiInterpolator::IsTransformValueSupported
0x00A57050|NiInterpolator::GetActiveTimeRange
0x00A59CC0|NiAVObject::UpdateTransformAndBounds
0x00A59CF0|NiAVObject::OnVisible
0x00A59D80|NiAVObject::UpdateWorldData
0x00A59DB0|NiAVObject::PostAttachUpdate
0x00A59E20|NiAVObject::AttachProperty
0x00A59F90|NiAVObject::SetDefaultMaterialNeedsUpdateFlag
0x00A59FD0|NiAVObject::GetObjectByName
0x00A59FD0|NiAVObject::SetSelectiveUpdateFlags
0x00A5A140|NiAVObject::UpdateDownwardPass
0x00A5A430|NiAVObject::PreAttachUpdate
0x00A5A450|NiAVObject::SetMaterialNeedsUpdate
0x00A5D310|NiObject::ProcessClone
0x00A5D430|NiObject::RegisterStreamables
0x00A5D8A0|NiNode::SetAt2
0x00A5D8F0|NiNode::DetachChildAt2
0x00A5DB30|BGSDecalNode::AttachDecal
0x00A5DB30|BSSceneGraph::GetNearDistance
0x00A5DBE0|BSValueNode::ParseNameForValue
0x00A5DBE0|NiNode::AttachChild
0x00A5DC30|NiNode::InsertChildAt
0x00A5E690|NiNode::SetAt1
0x00A5E780|NiNode::DetachChildAt1
0x00A5ED10|NiNode::DetachChild1
0x00A5EDC0|NiNode::DetachChild2
0x00A5EE30|NiNode::UpdateUpwardPass
0x00A62660|NiTexture::GetTextureFormat
0x00A62670|NiTexture::GetTextureDimensionsAndMipInfo
0x00A66C00|NiGeometryData::AsTriStripsData
0x00A68C60|NiAVObject::UpdateRigidDownwardPass
0x00A6D450|NiTimeController::Stop
0x00A7FD90|NiGeometry::Unk_35
0x00A7FF60|NiGeometry::Unk_3A
0x00A80610|NiGeometry::Unk_37
0x00A80650|NiGeometry::Unk_38
0x00A80650|NiParticleSystem::UpdateSystem
0x00A80680|NiGeometry::SetGeometryData
0x00A80930|NiTriShape::Unk_3B
0x00A809B0|NiGeometry::Unk_36
0x00A89AF0|NiAVObject::PerformOp
0x00A89AF0|NiAVObject::UpdateControllers
0x00A89AF0|NiAVObject::UpdateSelectedDownwardPass
0x00A89AF0|hkpAction::GetPhantoms
0x00A89AF0|hkpConstraintOwner::AddConstraintToCriticalLockedIsland
0x00A89AF0|hkpConstraintOwner::RemoveConstraintFromCriticalLockedIsland
0x00A8F410|hkaAnimation::GetNumDataChunks
0x00A93EA0|BGSDecalNode::Unk_3E
0x00A93EA0|BSFaceGenNiNode::FixSkinInstances
0x00A93EA0|BSMultiBoundNode::GetMultiBoundRoom
0x00A93EA0|BSSceneGraph::GetFarDistance
0x00A964C0|NiParticlesData::CalculateNormals
0x00AA09D0|NiAccumulator::RegisterObjectArray
0x00AA09D0|NiInterpolator::GuaranteeTimeRange
0x00AA15F0|NiFile::size
0x00AA1A90|BSFile::seek
0x00AA4A50|AbstractHeap::DoHeapFree
0x00AA4A50|BSSaveDataSystemUtility::Unk_07
0x00AA7830|IMemoryHeap::TotalSize
0x00AA7E70|AbstractHeap::AllocateAlignImpl
0x00AAA0E0|AbstractHeap::TryAllocateImpl
0x00AAA310|AbstractHeap::GetName
0x00AAA650|AbstractHeap::DoHeapAllocation
0x00AAA650|AbstractHeap::GetPageSize
0x00AAA650|BSSaveDataSystemUtility::Unk_03
0x00ACBB70|Actor::Unk_C5
0x00ACBB70|Actor::Unk_C6
0x00ACBB70|BSMultiBoundNode::CheckBound2
0x00ACBB70|BSTempEffect::Attach
0x00ACBB70|ImageSpaceModifierInstance::Unk_25
0x00ACBB70|TESBoundObject::HandleRemoveItemFromContainer
0x00ACBB70|TESBoundObject::OnCheckModels
0x00ACBB70|TESForm::BelongsInGroup
0x00ACBB70|TESGrass::GetDistanceFromWaterLevel
0x00ACBB70|TESGrass::SetDistanceFromWaterLevel
0x00ACBB70|TESLeveledList::GetLevDifferenceMax
0x00ACBB70|TESObject::UnClone3D
0x00ACBB70|TESObjectREFR::MoveHavok
0x00ACBB70|TESObjectREFR::SetDialogueWithPlayer
0x00ACBB70|TESObjectREFR::ShouldSaveAnimationOnUnloading
0x00ACBB70|TESObjectREFR::Unk_69
0x00ACBB70|TESObjectREFR::Unk_83
0x00ACBB70|TESTexture::GetMaxAllowedSize
0x00ACBB70|bhkCharacterController::CheckSupportImpl
0x00ACBB70|bhkCharacterController::GetBodyImpl
0x00ACBB70|bhkCharacterController::GetCollisionFilterInfo
0x00ACBB70|bhkCharacterController::GetLinearVelocityImpl
0x00ACBB70|bhkCharacterController::GetTransformImpl
0x00ACBB70|bhkCharacterController::GetVDBAlpha
0x00ACBB70|bhkCharacterController::GetWorldImpl
0x00ACBB70|bhkCharacterController::SetLinearVelocityImpl
0x00ACBB70|bhkCharacterController::SetPositionImpl
0x00ACBB70|bhkCharacterController::SetTransformImpl
0x00ACBB70|bhkCharacterController::Unk_09
0x00ACBB70|bhkCharacterController::Unk_0A
0x00ACBB70|bhkCharacterController::Unk_0B
0x00ACBB70|bhkCharacterController::Unk_0C
0x00ACBB70|bhkCharacterController::Unk_0E
0x00ACBB70|bhkShape::Unk_33
0x00ACBB70|hkpShape::GetContainer
0x00AF2F40|BSSaveDataSystemUtility::CreateSaveDirectory
0x00AF2F60|BSSaveDataSystemUtility::PrepareFileSavePath
0x00AF2FC0|BSSaveDataSystemUtility::Read
0x00AF2FF0|BSSaveDataSystemUtility::Unk_04
0x00AF3000|BSSaveDataSystemUtility::Unk_05
0x00AF3000|BSSaveDataSystemUtility::Unk_06
0x00AF3000|BSSaveDataSystemUtility::Unk_08
0x00AF3000|BSSaveDataSystemUtility::Unk_09
0x00AF3250|BSSystemUtility::GetAuthenticationInfo
0x00AF3340|BSSystemUtility::Unk_03
0x00AFF2A0|BSFile::Unk_09
0x00AFF300|BSFile::Unk_08
0x00AFF610|BSFile::size
0x00AFF640|BSFile::Unk_0C
0x00AFF7C0|BSFile::Unk_0B
0x00AFF950|BSFile::Unk_12
0x00AFFAF0|BSFile::Unk_0F
0x00AFFBB0|BSFile::Unk_0E
0x00AFFC60|BSFile::Unk_10
0x00AFFC90|BSFile::Unk_0D
0x00B004E0|BSFile::Unk_0A
0x00B00590|BSFile::set_endian_swap
0x00B00650|BSFile::Unk_11
0x00B01350|BSSystemUtility::DoInitialize
0x00B02710|AbstractHeap::CreateMorePages
0x00B606E0|NiInterpolator::GetSequenceInterpolator
0x00C1AD80|NiParticleSystem::Do_UpdateSystem
0x00C1F4E0|NiPSysModifier::Initialize
0x00C24D20|NiPSysData::ResolveAddedParticles
0x00C24EA0|NiPSysData::AddParticle
0x00C31640|NiPSysModifier::HandleReset
0x00C3A5E0|BSMultiBoundNode::QPointWithin
0x00C52450|BSSceneGraph::SetViewDistanceBasedOnFrameRate
0x00C5F5A0|BSMultiBoundNode::CheckBound1
0x00C66C90|bhkWorld::Unk_2C
0x00C66F90|bhkWorld::PickObject
0x00C69220|bhkWorld::GetRTTI
0x00C696D0|bhkWorld::Unk_32
0x00C69960|bhkWorld::Unk_35
0x00C69E10|bhkWorld::Unk_34
0x00C6A810|bhkWorld::InitHavok
0x00C6BBB0|bhkNiCollisionObject::Unk_2E
0x00C6BD60|bhkNiCollisionObject::Unk_30
0x00C6C1D0|bhkNiCollisionObject::Unk_2D
0x00C84E80|bhkShape::Unk_32
0x00C84EC0|bhkShape::Unk_34
0x00C85EC0|bhkRigidBody::GetRotation
0x00C86330|hkpMotion::SetMass
0x00C86380|hkpMotion::SetCenterOfMassInLocal
0x00C863A0|hkpMotion::SetPosition
0x00C863C0|hkpMotion::SetRotation
0x00C863E0|hkpMotion::SetPositionAndRotation
0x00C86400|hkpMotion::SetTransform
0x00C86480|hkpMotion::SetMassInv
0x00C864B0|hkpMotion::SetLinearVelocity
0x00C864D0|hkpMotion::SetAngularVelocity
0x00C864F0|hkpMotion::ApplyLinearImpulse
0x00C86610|hkpMotion::GetMotionStateAndVelocitiesAndDeactivationType
0x00C876A0|bhkMouseSpringAction::Unk_2E
0x00C876A0|bhkSerializable::Unk_2E
0x00C876A0|bhkWorld::Unk_2E
0x00C876D0|bhkMouseSpringAction::Unk_2F
0x00C876D0|bhkSerializable::Unk_2F
0x00C876D0|bhkWorld::Unk_2F
0x00C87710|bhkSerializable::Unk_2B
0x00C87710|bhkWorld::Unk_2B
0x00C8D0F0|bhkRigidBody::SetPosition
0x00C8D130|bhkRigidBody::SetRotation
0x00C8D170|bhkRigidBody::SetPositionAndRotation
0x00C8D1A0|bhkRigidBody::GetCenterOfMassLocal
0x00C8D1D0|bhkRigidBody::GetTransform
0x00C8D200|bhkRigidBody::GetAabbWorldspace
0x00C8D240|bhkRigidBody::Unk_3C
0x00C8D2F0|bhkRigidBody::GetPosition
0x00C8DD10|bhkRigidBody::GetCenterOfMassWorld
0x00C90350|hkReferencedObject::GetClassType
0x00C90360|hkReferencedObject::CalcContentStatistics
0x00C9A420|NiAccumulator::FinishAccumulating
0x00C9E3F0|hkpShape::CalcSizeForSpu
0x00C9E400|hkpShape::CastRayBundleImpl
0x00C9E560|hkpShape::GetMaximumProjection
0x00CABFF0|bhkCharacterController::RotateImpl
0x00CAC250|bhkCharacterController::Unk_12
0x00CACD60|hkpCharacterProxy::ExtractSurfaceConstraintInfo
0x00CAF4D0|hkpCharacterProxy::UpdateManifold
0x00CCAE90|bhkSerializable::MoveToWorld
0x00CD2930|hkpWorldObject::SetShape
0x00D070A0|NiInterpolator::Collapse
0x00D070A0|hkpConstraintOwner::AddCallbackRequest
0x00D07E20|hkpPhantom::UpdateShapeCollectionFilter
0x00D1DF60|hkpKeyframedRigidMotion::SetStepPosition
0x00D1DF70|hkpKeyframedRigidMotion::SetStoredMotion
0x00D1E190|hkpFixedRigidMotion::GetPositionAndVelocities
0x00D213F0|hkpShapeCollection::SetWeldingInfo
0x00D21400|hkpShapeCollection::InitWeldingInfo
0x00D47A30|bhkWorld::AdjustRefCount
0x00D47A30|bhkWorld::SetReferencedObject
0x00DFB610|hkaAnimation::SamplePartialTracks
0x00DFB670|hkaAnimation::GetDataChunks
0x00DFB6D0|hkaAnimation::GetExtractedMotionReferenceFrame
0x00DFB6F0|hkaAnimation::GetExtractedMotionDeltaReferenceFrame
0x00E2F270|hkaAnimation::ClearAllCacheKeys
0x00E2F280|hkaAnimation::GetNumAnnotations
0x00E2F3E0|hkaAnimation::GetAnnotations
0x00E7CD40|NiFile::seek
0x00E7CD40|NiGeometryData::GetActiveVertexCount
0x00E7CD40|NiGeometryData::SetActiveVertexCount
0x00E7CD40|NiInterpController::SetInterpolator
0x00E7CD40|NiInterpolator::SetUpDependencies
0x00E7CD40|NiParticlesData::GetActiveVertexCount
0x00E7CD40|NiParticlesData::SetActiveVertexCount
0x00E7CD40|hkaAnimation::GetMaxSizeOfCombinedDataChunks
0x00EC60FA|AbstractHeap::GetHeapStats
0x00EC60FA|AbstractHeap::GetMemoryStats
0x00EC60FA|AbstractHeap::PointerInHeap
0x00EC60FA|AbstractHeap::ShouldTrySmallBlockPools
0x00EC60FA|BGSPreloadable::Unk_04
0x00EC60FA|BSMultiBoundShape::GetLength
0x00EC60FA|BSMultiBoundShape::GetType
0x00EC60FA|BSMultiBoundShape::GetWithinPoint
0x00EC60FA|BSMultiBoundShape::Unk_27
0x00EC60FA|BSMultiBoundShape::Unk_28
0x00EC60FA|BSMultiBoundShape::Unk_2A
0x00EC60FA|BSMultiBoundShape::Unk_2B
0x00EC60FA|BSMultiBoundShape::WithinFrustum
0x00EC60FA|BSTextureSet::GetTexturePath
0x00EC60FA|IMemoryHeap::Allocate
0x00EC60FA|IMemoryHeap::Deallocate
0x00EC60FA|IMemoryHeap::GetName
0x00EC60FA|IMemoryHeap::PointerInHeap
0x00EC60FA|ImageSpaceModifierInstance::Apply
0x00EC60FA|NiAccumulator::StartAccumulating
0x00EC60FA|NiCollisionObject::Unk_25
0x00EC60FA|NiGeometryData::AsTriShapeData
0x00EC60FA|NiInterpController::CreateBlendInterpolator
0x00EC60FA|NiInterpController::CreatePoseInterpolator
0x00EC60FA|NiInterpController::GetCtlrID
0x00EC60FA|NiInterpController::GetInterpolatorCount
0x00EC60FA|NiInterpController::GetInterpolatorID
0x00EC60FA|NiInterpController::GetInterpolatorIndex
0x00EC60FA|NiInterpController::GetInterpolatorIndexFx
0x00EC60FA|NiInterpController::ResetTimeExtrema
0x00EC60FA|NiInterpController::SynchronizePoseInterpolator
0x00EC60FA|NiKeyBasedInterpolator::GetKeyArray
0x00EC60FA|NiKeyBasedInterpolator::GetKeyChannelCount
0x00EC60FA|NiKeyBasedInterpolator::GetKeyContent
0x00EC60FA|NiKeyBasedInterpolator::GetKeyCount
0x00EC60FA|NiKeyBasedInterpolator::GetKeyType
0x00EC60FA|NiTexture::Unk_25
0x00EC60FA|NiTexture::Unk_26
0x00EC60FA|NiTimeController::Start
0x00EC60FA|bhkNiCollisionObject::Unk_2A
0x00EC60FA|bhkNiCollisionObject::Unk_2B
0x00EC60FA|bhkNiCollisionObject::Unk_2C
0x00EC60FA|bhkSerializable::Unk_2C
0x00EC60FA|bhkSerializable::Unk_2D
0x00EC60FA|hkaAnimation::GetNumOriginalFrames
0x00EC60FA|hkaAnimation::SampleIndividualFloatTracks
0x00EC60FA|hkaAnimation::SampleIndividualTransformTracks
0x00EC60FA|hkaAnimation::SampleTracks
0x00EC60FA|hkpAction::ApplyAction
0x00EC60FA|hkpAction::Clone
0x00EC60FA|hkpAction::EntityRemovedCallback
0x00EC60FA|hkpAction::GetEntities
0x00EC60FA|hkpBroadPhase::AddObject1
0x00EC60FA|hkpBroadPhase::AddObject2
0x00EC60FA|hkpBroadPhase::AddObjectBatch
0x00EC60FA|hkpBroadPhase::AreAabbsOverlapping
0x00EC60FA|hkpBroadPhase::CalcAabbCache1
0x00EC60FA|hkpBroadPhase::CalcAabbCache2
0x00EC60FA|hkpBroadPhase::CastRay
0x00EC60FA|hkpBroadPhase::CheckDeterminism
0x00EC60FA|hkpBroadPhase::GetAabb
0x00EC60FA|hkpBroadPhase::GetAabbCacheSize
0x00EC60FA|hkpBroadPhase::GetAllAabbs
0x00EC60FA|hkpBroadPhase::GetCapabilityDelegate
0x00EC60FA|hkpBroadPhase::GetExtents
0x00EC60FA|hkpBroadPhase::GetNumObjects
0x00EC60FA|hkpBroadPhase::GetOffsetLowHigh32bit
0x00EC60FA|hkpBroadPhase::GetType
0x00EC60FA|hkpBroadPhase::QuerySingleAabb
0x00EC60FA|hkpBroadPhase::QuerySingleAabbWithCollector
0x00EC60FA|hkpBroadPhase::ReQuerySingleObject
0x00EC60FA|hkpBroadPhase::RemoveObject
0x00EC60FA|hkpBroadPhase::RemoveObjectBatch
0x00EC60FA|hkpBroadPhase::ShiftAllObjects
0x00EC60FA|hkpBroadPhase::ShiftBroadPhase
0x00EC60FA|hkpBroadPhase::UpdateAabbs
0x00EC60FA|hkpBroadPhase::UpdateAabbsUInt32
0x00EC60FA|hkpBvTreeShape::QueryAabb
0x00EC60FA|hkpBvTreeShape::QueryAabbImpl
0x00EC60FA|hkpMotion::ApplyAngularImpulse
0x00EC60FA|hkpMotion::ApplyForce
0x00EC60FA|hkpMotion::ApplyPointImpulse
0x00EC60FA|hkpMotion::ApplyTorque
0x00EC60FA|hkpMotion::GetInertiaInvLocal
0x00EC60FA|hkpMotion::GetInertiaInvWorld
0x00EC60FA|hkpMotion::GetInertiaLocal
0x00EC60FA|hkpMotion::GetInertiaWorld
0x00EC60FA|hkpMotion::GetProjectedPointVelocity
0x00EC60FA|hkpMotion::SetInertiaInvLocal
0x00EC60FA|hkpMotion::SetInertiaLocal
0x00EC60FA|hkpPhantom::AddOverlappingCollidable
0x00EC60FA|hkpPhantom::CalcAabb
0x00EC60FA|hkpPhantom::EnsureDeterministicOrder
0x00EC60FA|hkpPhantom::GetType
0x00EC60FA|hkpPhantom::IsOverlappingCollidableAdded
0x00EC60FA|hkpPhantom::RemoveOverlappingCollidable
0x00EC60FA|hkpShape::CastRayImpl
0x00EC60FA|hkpShape::CastRayWithCollectorImpl
0x00EC60FA|hkpShape::GetAabbImpl
0x00EC60FA|hkpShapePhantom::GetClosestPoints
0x00EC60FA|hkpShapePhantom::SetPositionAndLinearCast
0x00EC60FA|hkpShapePhantom::SetTransformAndLinearCast
0x00EC60FA|hkpWorldObject::UpdateShape
0x00EE8990|NiInterpolator::IsBoolValueSupported
0x00EE8990|NiInterpolator::IsFloatValueSupported
0x00EE8990|NiInterpolator::IsPoint3ValueSupported
0x00EE8990|NiInterpolator::IsQuaternionValueSupported
0x00EE8990|NiInterpolator::ResolveDependencies
0x00EE8990|NiInterpolator::Update5
0x00EE8990|NiInterpolator::Update6
0x00EE8990|NiObject::IsEqual
0x00EE8990|NiPSysModifier::SetActive
