# constructor-candidate names: 0x<rva>|<Class::Class>|0x<vtable_va>
0x005F7FB0|CEnumPins::CEnumPins|0x01093C50
0x005F9200|CMemAllocator::CMemAllocator|0x01093D28
0x005FA650|CEnumPins::CEnumPins|0x01093C50
0x005FA7A0|CEnumMediaTypes::CEnumMediaTypes|0x01093C74
0x005FACA0|CMemAllocator::CMemAllocator|0x01093CF8
0x005FBC50|CAsyncReader::CAsyncReader|0x01093E54
0x005FBE28|CAsyncOutputPin::CAsyncOutputPin|0x01093D84
0x005FBEEF|CAsyncReader::CAsyncReader|0x01093E54
0x0061B478|NiTPrimitiveArray<XMLStorage *>::NiTPrimitiveArray<XMLStorage *>|0x01095574
0x0061B4A3|NiTPrimitiveArray<char const *>::NiTPrimitiveArray<char const *>|0x0103D420
0x0061B940|NiTArray<XMLStorage *>::NiTArray<XMLStorage *>|0x01095524
0x0062C300|NiAVObjectPalette::NiAVObjectPalette|0x0109607C
0x0062C490|?$NiTStringTemplateMap@V?$NiTPointerMap@PBDPAVNiControllerSequence::?$NiTStringTemplateMap@V?$NiTPointerMap@PBDPAVNiControllerSequence|0x01096164
0x0062C4C0|NiTMapBase<NiTPointerAllocator<unsigned int> >::NiTMapBase<NiTPointerAllocator<unsigned int> >|0x01096124
0x0062C4F2|NiTMapBase<NiTPointerAllocator<unsigned int> >::NiTMapBase<NiTPointerAllocator<unsigned int> >|0x01096124
0x0062C51D|NiTPointerMap<char const *,NiControllerSequence *>::NiTPointerMap<char const *,NiControllerSequence *>|0x01096144
0x0062C550|NiTMapBase<NiTPointerAllocator<unsigned int> >::NiTMapBase<NiTPointerAllocator<unsigned int> >|0x01096124
0x0062C7A0|?$NiTFixedStringMapBase@V?$DFALL@V?$NiTMapItem@VNiFixedString::?$NiTFixedStringMapBase@V?$DFALL@V?$NiTMapItem@VNiFixedString|0x01096114
0x0062CB50|NiTFixedStringMap<NiAVObject *>::NiTFixedStringMap<NiAVObject *>|0x0109618C
0x0062CB80|?$NiTFixedStringMapBase@V?$DFALL@V?$NiTMapItem@VNiFixedString::?$NiTFixedStringMapBase@V?$DFALL@V?$NiTMapItem@VNiFixedString|0x01096114
0x0062CBB8|?$NiTArray@V?$NiPointer@VNiControllerSequence::?$NiTArray@V?$NiPointer@VNiControllerSequence|0x01096184
0x0062CBFF|NiControllerManager::NiControllerManager|0x0109619C
0x0062CDD3|NiTFixedStringMap<NiAVObject *>::NiTFixedStringMap<NiAVObject *>|0x0109618C
0x0062CE82|NiDefaultAVObjectPalette::NiDefaultAVObjectPalette|0x01096284
0x0062CE8C|NiTFixedStringMap<NiAVObject *>::NiTFixedStringMap<NiAVObject *>|0x0109618C
0x0062CEA0|?$NiTFixedStringMapBase@V?$DFALL@V?$NiTMapItem@VNiFixedString::?$NiTFixedStringMapBase@V?$DFALL@V?$NiTMapItem@VNiFixedString|0x01096114
0x0062CEB0|NiAVObjectPalette::NiAVObjectPalette|0x0109607C
0x0062CEE2|NiControllerManager::NiControllerManager|0x0109619C
0x0062CF20|NiTMapBase<NiTPointerAllocator<unsigned int> >::NiTMapBase<NiTPointerAllocator<unsigned int> >|0x01096124
0x0062CF60|NiTStringPointerMap<NiControllerSequence *>::NiTStringPointerMap<NiControllerSequence *>|0x01096260
0x0062CFD0|?$NiTObjectArray@V?$NiPointer@VNiControllerSequence::?$NiTObjectArray@V?$NiPointer@VNiControllerSequence|0x01096258
0x0062D000|NiTMapBase<NiTPointerAllocator<unsigned int> >::NiTMapBase<NiTPointerAllocator<unsigned int> >|0x01096124
0x0062D043|NiTStringPointerMap<NiControllerSequence *>::NiTStringPointerMap<NiControllerSequence *>|0x01096260
0x0062D924|NiInterpController::NiInterpController|0x0109632C
0x0062DB87|NiMultiTargetTransformController::NiMultiTargetTransformController|0x01096444
0x0062E420|NiMultiTargetTransformController::NiMultiTargetTransformController|0x01096444
0x0062FB70|NiMultiTargetTransformController::NiMultiTargetTransformController|0x01096444
0x00630AB0|NiControllerSequence::NiControllerSequence|0x01096584
0x00633670|NiControllerSequence::NiControllerSequence|0x01096584
0x00633A50|BSMultiTargetTreadTransfController::BSMultiTargetTreadTransfController|0x01096694
0x006340BB|BSMultiTargetTreadTransfController::BSMultiTargetTreadTransfController|0x01096694
0x00634450|NiBlendAccumTransformInterpolator::NiBlendAccumTransformInterpolator|0x01096784
0x00634719|NiTransformController::NiTransformController|0x0109687C
0x00634815|NiTransformController::NiTransformController|0x0109687C
0x006349C9|NiBlendInterpolator::NiBlendInterpolator|0x0109697C
0x006351D0|NiBlendInterpolator::NiBlendInterpolator|0x0109697C
0x00637260|NiBlendAccumTransformInterpolator::NiBlendAccumTransformInterpolator|0x01096784
0x006373A9|NiBlendAccumTransformInterpolator::NiBlendAccumTransformInterpolator|0x01096784
0x00639610|NiGeomMorpherController::NiGeomMorpherController|0x01096CEC
0x00639D7F|NiColorInterpolator::NiColorInterpolator|0x01096E14
0x0063A166|NiColorInterpolator::NiColorInterpolator|0x01096E14
0x0063A5C2|NiFloatInterpolator::NiFloatInterpolator|0x01096F34
0x0063AA1C|NiKeyBasedInterpolator::NiKeyBasedInterpolator|0x01097054
0x0063B256|NiColorData::NiColorData|0x0102DB4C
0x0063D0E0|NiPathInterpolator::NiPathInterpolator|0x0109720C
0x0063DA50|NiTransformInterpolator::NiTransformInterpolator|0x01097314
0x0063E5F0|NiBlendFloatInterpolator::NiBlendFloatInterpolator|0x01097414
0x0063E680|NiBlendFloatInterpolator::NiBlendFloatInterpolator|0x01097414
0x0063EA40|NiBlendTransformInterpolator::NiBlendTransformInterpolator|0x0109750C
0x0063EC30|NiBlendTransformInterpolator::NiBlendTransformInterpolator|0x0109750C
0x0063F4B0|NiTArray<BSAnimNoteListener::BSAnimReceiverType *>::BSAnimReceiverType *>|0x010976EC
0x0063FA30|NiMorphData::NiMorphData|0x010976FC
0x0064103C|BSBlendTreadTransfInterpolator::BSBlendTreadTransfInterpolator|0x01097904
0x006413D0|BSTreadTransfInterpolator::BSTreadTransfInterpolator|0x010979F4
0x00641FC8|BSRotAccumTransfInterpolator::BSRotAccumTransfInterpolator|0x01097AF4
0x00642070|BSLookIKNote::BSLookIKNote|0x01097C8C
0x006423F0|BSGrabIKNote::BSGrabIKNote|0x01097D34
0x00642A17|BSAnimNotes::BSAnimNotes|0x01097DD4
0x00642F60|NiVisController::NiVisController|0x01097E8C
0x00643040|NiUVData::NiUVData|0x01097F84
0x006447F0|NiTextureTransformController::NiTextureTransformController|0x01098184
0x006459F0|?$NiTArray@V?$NiPointer@VNiTransformController::?$NiTArray@V?$NiPointer@VNiTransformController|0x0109844C
0x00645A40|NiTArray<char *,NiTMallocInterface<char *> >::NiTArray<char *,NiTMallocInterface<char *> >|0x0102102C
0x00645BC0|?$NiTArray@V?$NiPointer@VNiTransformController::?$NiTArray@V?$NiPointer@VNiTransformController|0x0109844C
0x00646270|NiRotData::NiRotData|0x010984EC
0x00646E4D|NiQuaternionInterpolator::NiQuaternionInterpolator|0x010986F4
0x00647600|NiPoint3Interpolator::NiPoint3Interpolator|0x0109881C
0x00647770|NiPoint3Interpolator::NiPoint3Interpolator|0x0109881C
0x00647BA0|NiPoint3Interpolator::NiPoint3Interpolator|0x0109881C
0x00647D79|NiPathController::NiPathController|0x0109893C
0x00649D60|NiLookAtInterpolator::NiLookAtInterpolator|0x01098B0C
0x0064B0B0|NiLightDimmerController::NiLightDimmerController|0x01098CCC
0x0064B790|NiTMapBase<NiTPointerAllocator<unsigned int> >::NiTMapBase<NiTPointerAllocator<unsigned int> >|0x01098EC8
0x0064BA72|?$NiTStringPointerMap@V?$NiPointer@VNiSequence::?$NiTStringPointerMap@V?$NiPointer@VNiSequence|0x01098F28
0x0064C204|NiTransformData::NiTransformData|0x01099004
0x0064C4B0|NiTransformData::NiTransformData|0x01099004
0x0064D5F0|?$NiTArray@V?$NiPointer@VNiTexture::?$NiTArray@V?$NiPointer@VNiTexture|0x0103D3E8
0x0064D6D0|NiFloatData::NiFloatData|0x0102DABC
0x0064D9DD|?$NiTObjectArray@V?$NiPointer@VNiTexture::?$NiTObjectArray@V?$NiPointer@VNiTexture|0x0103D3F0
0x0064DB60|NiColorExtraDataController::NiColorExtraDataController|0x0109947C
0x0064DF40|NiColorExtraDataController::NiColorExtraDataController|0x0109947C
0x0064E084|NiBSplineTransformInterpolator::NiBSplineTransformInterpolator|0x0109957C
0x0064E72C|NiBSplinePoint3Interpolator::NiBSplinePoint3Interpolator|0x010996DC
0x0064F6FA|NiBSplineCompFloatInterpolator::NiBSplineCompFloatInterpolator|0x01099B2C
0x0064F920|NiBSplineCompColorInterpolator::NiBSplineCompColorInterpolator|0x01099C34
0x00652083|NiTMapBase<NiTPointerAllocator<unsigned int> >::NiTMapBase<NiTPointerAllocator<unsigned int> >|0x0109A264
0x006520A7|NiTPointerMap<NiNode *>::NiTPointerMap<NiNode *>|0x0109A284
0x00652128|NiTMapBase<NiTPointerAllocator<unsigned int> >::NiTMapBase<NiTPointerAllocator<unsigned int> >|0x0109A264
0x00652232|?$NiTArray@PAV?$NiTPrimitiveSet@PAVNiNode::?$NiTArray@PAV?$NiTPrimitiveSet@PAVNiNode|0x0109A2A4
0x006523AE|NiTMapBase<NiTPointerAllocator<unsigned int> >::NiTMapBase<NiTPointerAllocator<unsigned int> >|0x0109A264
0x0065246B|?$NiTArray@PAV?$NiTPrimitiveSet@PAVSkinInfo@NiBoneLODController::?$NiTArray@PAV?$NiTPrimitiveSet@PAVSkinInfo@NiBoneLODController|0x0109A2AC
0x006531A0|?$NiTPrimitiveArray@PAV?$NiTPrimitiveSet@PAVSkinInfo@NiBoneLODController::?$NiTPrimitiveArray@PAV?$NiTPrimitiveSet@PAVSkinInfo@NiBoneLODController|0x0109A2C8
0x00653480|?$NiTArray@PAV?$NiTPrimitiveSet@PAVNiNode::?$NiTArray@PAV?$NiTPrimitiveSet@PAVNiNode|0x0109A2A4
0x00653500|NiBlendQuaternionInterpolator::NiBlendQuaternionInterpolator|0x0109A3AC
0x00653C30|NiBlendPoint3Interpolator::NiBlendPoint3Interpolator|0x0109A49C
0x006540D0|NiBlendColorInterpolator::NiBlendColorInterpolator|0x0109A58C
0x00654587|NiBlendBoolInterpolator::NiBlendBoolInterpolator|0x0109A67C
0x006550B0|NiInterpolator::NiInterpolator|0x0109A924
0x00655300|NiExtraDataController::NiExtraDataController|0x0109AA14
0x006556B0|NiFloatInterpController::NiFloatInterpController|0x0109AB44
0x006559FD|NiFloatController::NiFloatController|0x0109857C
0x00655F80|NiBSplineInterpolator::NiBSplineInterpolator|0x0109AE8C
0x00658510|NiAVObject::NiAVObject|0x0109B00C
0x00658A68|NiAVObject::NiAVObject|0x0109B00C
0x00659540|NiTArray<char *,NiTMallocInterface<char *> >::NiTArray<char *,NiTMallocInterface<char *> >|0x0102102C
0x0065AF0D|NiAlphaProperty::NiAlphaProperty|0x010162DC
0x0065B3C0|NiObject::NiObject|0x0109B4F4
0x0065B530|NiRefObject::NiRefObject|0x0101DCE4
0x0065CCD4|NiNode::NiNode|0x0109B5AC
0x0065D2C0|NiVertexColorProperty::NiVertexColorProperty|0x0109B72C
0x0065D510|NiZBufferProperty::NiZBufferProperty|0x0109B7FC
0x0065D5FE|NiZBufferProperty::NiZBufferProperty|0x0109B7FC
0x0065DC80|NiSourceTexture::NiSourceTexture|0x0109B9EC
0x0065E1A5|NiTexture::NiTexture|0x0109B944
0x0065F1E0|NiSourceCubeMap::NiSourceCubeMap|0x0109BABC
0x0065F280|NiSourceCubeMap::NiSourceCubeMap|0x0109BABC
0x00660BF0|NiRenderer::NiRenderer|0x0109BB94
0x0066189F|?$NiTPointerMap@PBDP6APAVNiObject::?$NiTPointerMap@PBDP6APAVNiObject|0x0109BCA4
0x00661920|NiTStringTemplateMap<NiTPointerMap<char const *,unsigned short> >::NiTStringTemplateMap<NiTPointerMap<char const *,unsigned short> >|0x0109BD2C
0x006619B0|NiTMapBase<NiTPointerAllocator<unsigned int> >::NiTMapBase<NiTPointerAllocator<unsigned int> >|0x0109BCEC
0x00661A29|?$NiTPointerMap@PBDP6APAVNiObject::?$NiTPointerMap@PBDP6APAVNiObject|0x0109BCA4
0x00661A60|NiTMapBase<NiTPointerAllocator<unsigned int> >::NiTMapBase<NiTPointerAllocator<unsigned int> >|0x0109BC84
0x00661AD0|NiTMapBase<NiTPointerAllocator<unsigned int> >::NiTMapBase<NiTPointerAllocator<unsigned int> >|0x0109BCEC
0x00661B42|NiTArray<NiObjectGroup *>::NiTArray<NiObjectGroup *>|0x0109BC3C
0x00661B90|NiTMapBase<NiTPointerAllocator<unsigned int> >::NiTMapBase<NiTPointerAllocator<unsigned int> >|0x0109BC64
0x00661C50|NiTMapBase<NiTPointerAllocator<unsigned int> >::NiTMapBase<NiTPointerAllocator<unsigned int> >|0x0109BC64
0x006625CD|?$NiTArray@P6AXAAVNiStream::?$NiTArray@P6AXAAVNiStream|0x0109BCE4
0x006632E0|?$NiTLargeArray@V?$NiPointer@VNiObject::?$NiTLargeArray@V?$NiPointer@VNiObject|0x0109BD98
0x00664160|NiStream::NiStream|0x0109BDCC
0x00666030|NiGeometryData::NiGeometryData|0x0109BF9C
0x00667050|NiDynamicEffect::NiDynamicEffect|0x0109C174
0x00667380|NiDynamicEffect::NiDynamicEffect|0x0109C174
0x006673D0|NiDynamicEffect::NiDynamicEffect|0x0109C174
0x0066743A|NiCullingProcess::NiCullingProcess|0x0109C28C
0x006674B0|NiCullingProcess::NiCullingProcess|0x0109C28C
0x0066817E|NiTArray<NiTexturingProperty::Map *>::Map *>|0x0109C394
0x00668961|NiTexturingProperty::Map::Map|0x0109C4C4
0x00668BF0|NiTArray<NiTexturingProperty::Map *>::Map *>|0x0109C394
0x00669B90|NiTexturingProperty::BumpMap::BumpMap|0x0109C4D8
0x00669C50|NiTexturingProperty::ParallaxMap::ParallaxMap|0x0109C500
0x00669D80|NiTexturingProperty::ShaderMap::ShaderMap|0x0109C4EC
0x0066A834|BSDismemberSkinInstance::BSDismemberSkinInstance|0x01069A84
0x0066A990|BSDismemberSkinInstance::BSDismemberSkinInstance|0x01069A84
0x0066B410|NiTimeController::NiTimeController|0x0109C874
0x0066B5B0|NiTimeController::NiTimeController|0x0109C874
0x0066CAA4|?$NiTFixedStringMapBase@V?$DFALL@V?$NiTMapItem@VNiFixedString::?$NiTFixedStringMapBase@V?$DFALL@V?$NiTMapItem@VNiFixedString|0x0109CA08
0x0066CBC6|?$NiTFixedStringMapBase@V?$DFALL@V?$NiTMapItem@VNiFixedString::?$NiTFixedStringMapBase@V?$DFALL@V?$NiTMapItem@VNiFixedString|0x0109CA08
0x0066D3E0|NiStencilProperty::NiStencilProperty|0x0101E07C
0x0066D4A7|NiStencilProperty::NiStencilProperty|0x0101E07C
0x0066E0F0|NiCamera::NiCamera|0x0109CB9C
0x0066FDB0|NiTriStrips::NiTriStrips|0x0109CD44
0x006705D0|NiAdditionalGeometryData::NiAGDDataBlock::NiAGDDataBlock|0x0109CF58
0x00672330|NiStringExtraData::NiStringExtraData|0x0109D39C
0x00672510|NiTriShape::NiTriShape|0x0109D454
0x00672694|NiTriShape::NiTriShape|0x0109D454
0x006727B0|NiLines::NiLines|0x0109D55C
0x006728AD|NiLines::NiLines|0x0109D55C
0x00673E20|NiTriStripsData::NiTriStripsData|0x0109D8AC
0x00673F20|NiTriStripsData::NiTriStripsData|0x0109D8AC
0x00674161|NiTriStripsData::NiTriStripsData|0x0109D8AC
0x006746E0|NiRefObject::NiRefObject|0x0101DCE4
0x00674BC0|NiImageConverter::NiImageConverter|0x0109D9A4
0x00674CB0|NiRefObject::NiRefObject|0x0101DCE4
0x006790A0|NiDevImageConverter::NiDevImageConverter|0x0109D9C4
0x006792B3|NiDevImageConverter::NiDevImageConverter|0x0109D9C4
0x00679310|NiExtraData::NiExtraData|0x0109DA1C
0x00679588|NiExtraData::NiExtraData|0x0109DA1C
0x006798A6|NiTriShapeData::NiTriShapeData|0x0109DAC4
0x00679AE0|NiTriShapeData::NiTriShapeData|0x0109DAC4
0x0067A160|NiPixelData::NiPixelData|0x0109DBB4
0x0067A1F0|NiPixelData::NiPixelData|0x0109DBB4
0x0067B690|NiPointLight::NiPointLight|0x0109DD0C
0x0067B850|NiPointLight::NiPointLight|0x0109DD0C
0x0067F810|NiTriShapeDynamicData::NiTriShapeDynamicData|0x0109E32C
0x0067FFDC|NiSkinPartition::NiSkinPartition|0x0109E47C
0x006804E0|NiSkinPartition::NiSkinPartition|0x0109E47C
0x00682D90|NiSkinData::NiSkinData|0x0109E574
0x006835B8|NiSkinInstance::NiSkinInstance|0x01069B14
0x006847FB|NiSkinInstance::NiSkinInstance|0x01069B14
0x00684980|NiSkinInstance::NiSkinInstance|0x01069B14
0x00684E70|BSResizableTriShape::BSResizableTriShape|0x0109E704
0x00685236|BSSegmentedTriShape::BSSegmentedTriShape|0x0109E834
0x006853C0|BSSegmentedTriShape::BSSegmentedTriShape|0x0109E834
0x006857D0|NiScreenElements::NiScreenElements|0x0109E984
0x0068586B|NiScreenElements::NiScreenElements|0x0109E984
0x006858A1|NiScreenElements::NiScreenElements|0x0109E984
0x00685952|NiScreenElementsData::NiScreenElementsData|0x0109EA94
0x00685ABE|NiScreenElementsData::NiScreenElementsData|0x0109EA94
0x00686211|NiScreenElementsData::NiScreenElementsData|0x0109EA94
0x00687178|NiFloatsExtraData::NiFloatsExtraData|0x0109EC0C
0x006871E6|NiFloatsExtraData::NiFloatsExtraData|0x0109EC0C
0x00687504|NiColorExtraData::NiColorExtraData|0x0109ECCC
0x00687790|NiTriBasedGeom::NiTriBasedGeom|0x0109ED94
0x006877A0|NiTriBasedGeom::NiTriBasedGeom|0x0109ED94
0x00687CC4|NiVertWeightsExtraData::NiVertWeightsExtraData|0x0109EE9C
0x00688F00|NiImageReader::NiImageReader|0x0109F3D0
0x00689190|NiPalette::NiPalette|0x0109F3FC
0x0068B8AD|NiImageReader::NiImageReader|0x0109F3D0
0x0068C549|NiImageReader::NiImageReader|0x0109F3D0
0x0068D24D|Ni2DBuffer::Ni2DBuffer|0x0109F4DC
0x0068D460|NiShader::NiShader|0x0109F584
0x0068D4A0|NiShader::NiShader|0x0109F584
0x0068D4E0|NiShader::NiShader|0x0109F584
0x0068D520|NiRefObject::NiRefObject|0x0101DCE4
0x0068D590|NiCullingProperty::NiCullingProperty|0x0109F68C
0x0068D600|NiCullingProperty::NiCullingProperty|0x0109F68C
0x0068D850|NiRefObject::NiRefObject|0x0101DCE4
0x0068DA50|?$NiTFixedStringMapBase@V?$DFALL@V?$NiTMapItem@VNiFixedString::?$NiTFixedStringMapBase@V?$DFALL@V?$NiTMapItem@VNiFixedString|0x0109F72C
0x0068DA8C|?$NiTFixedStringMapBase@V?$DFALL@V?$NiTMapItem@VNiFixedString::?$NiTFixedStringMapBase@V?$DFALL@V?$NiTMapItem@VNiFixedString|0x0109F72C
0x0068DAF8|NiTFixedStringMap<NiMaterial *>::NiTFixedStringMap<NiMaterial *>|0x0109F798
0x0068E0B4|NiScreenGeometry::NiScreenGeometry|0x0109F81C
0x0068E3F0|NiScreenGeometryData::ScreenElement::ScreenElement|0x0109F814
0x0068E7D8|NiScreenPolygon::NiScreenPolygon|0x0109F914
0x0068EC50|NiTPrimitiveArray<NiScreenGeometryData::ScreenElement *>::ScreenElement *>|0x0109F9AC
0x0068F140|?$NiTArray@V?$NiPointer@VNiScreenTexture::?$NiTArray@V?$NiPointer@VNiScreenTexture|0x0109F9BC
0x0068F2C0|NiTArray<NiScreenGeometryData::ScreenElement *>::ScreenElement *>|0x0109F9A4
0x0068F620|NiScreenSpaceCamera::NiScreenSpaceCamera|0x0109FAB4
0x0068F910|?$NiTArray@V?$NiPointer@VNiScreenPolygon::?$NiTArray@V?$NiPointer@VNiScreenPolygon|0x0109F9B4
0x0068FDB0|NiScreenSpaceCamera::NiScreenSpaceCamera|0x0109FAB4
0x006907B0|NiTextureEffect::NiTextureEffect|0x0109FD0C
0x006917BB|NiSwitchStringExtraData::NiSwitchStringExtraData|0x0109FF64
0x006928B0|NiStringsExtraData::NiStringsExtraData|0x010A0134
0x00692960|NiStringsExtraData::NiStringsExtraData|0x010A0134
0x00692E81|NiSpotLight::NiSpotLight|0x010A01CC
0x00694417|NiParticlesData::NiParticlesData|0x010A05E4
0x00694830|NiParticlesData::NiParticlesData|0x010A05E4
0x006958B0|NiRangeLODData::NiRangeLODData|0x010A073C
0x00696230|NiPersistentSrcTextureRendererData::NiPersistentSrcTextureRendererData|0x010A08AC
0x006962F8|NiTexture::RendererData::RendererData|0x010A080C
0x00696B40|NiParticleMeshesData::NiParticleMeshesData|0x010A09BC
0x00696F69|NiParticleMeshes::NiParticleMeshes|0x010A0A6C
0x006984FD|NiFloatExtraData::NiFloatExtraData|0x010A0EC4
0x0069912C|NiParticles::NiParticles|0x010A11D4
0x0069917C|NiParticles::NiParticles|0x010A11D4
0x00699295|NiParticles::NiParticles|0x010A11D4
0x00699371|NiAmbientLight::NiAmbientLight|0x010A12CC
0x0069961F|NiAlphaAccumulator::NiAlphaAccumulator|0x010A13AC
0x00699C40|?$NiTArray@V?$NiPointer@VNiMetricsOutputModule::?$NiTArray@V?$NiPointer@VNiMetricsOutputModule|0x010A1458
0x00699ED0|NiRefObject::NiRefObject|0x0101DCE4
0x0069E261|NiRefObject::NiRefObject|0x0101DCE4
0x0069E2E9|?$NiTFixedStringMapBase@V?$DFALL@V?$NiTMapItem@VNiFixedString::?$NiTFixedStringMapBase@V?$DFALL@V?$NiTMapItem@VNiFixedString|0x010A2138
0x0069E5FD|NiShaderFactory::NiShaderFactory|0x010A2164
0x0069E74E|NiSingleShaderMaterial::NiSingleShaderMaterial|0x010A21DC
0x0069E901|NiSingleShaderMaterial::NiSingleShaderMaterial|0x010A21DC
0x0069E9BB|NiLODData::NiLODData|0x010A2254
0x0069EA12|NiLODData::NiLODData|0x010A2254
0x0069EDC9|NiAccumulator::NiAccumulator|0x010A2304
0x0069EE9D|NiAccumulator::NiAccumulator|0x010A2304
0x0069F0A0|NiAccumulator::NiAccumulator|0x010A2304
0x0069F545|NiFile::NiFile|0x010A2490
0x0069F9D4|NiFile::NiFile|0x010A2490
0x006A04E0|NiAllocator::NiAllocator|0x010A24D0
0x006A05A0|NiSearchPath::NiSearchPath|0x010A2554
0x006A0DC0|NiMemStream::NiMemStream|0x010A256C
0x006A1010|NiMemStream::NiMemStream|0x010A256C
0x006A88D0|BSFaceGenBinaryFile::BSFaceGenBinaryFile|0x010A2C38
0x006A8950|BSFaceGenBinaryFile::BSFaceGenBinaryFile|0x010A2C38
0x006A8A20|BSFaceGenBinaryFile::BSFaceGenBinaryFile|0x010A2C38
0x006A8A40|BSFaceGenBinaryFile::BSFaceGenBinaryFile|0x010A2C38
0x006ADDE0|BSFaceGenBinaryFile::BSFaceGenBinaryFile|0x010A2C38
0x006ADF50|BSFaceGenBinaryFile::BSFaceGenBinaryFile|0x010A2C38
0x006AE13D|BSFaceGenBinaryFile::BSFaceGenBinaryFile|0x010A2C38
0x006AEC10|BSFaceGenBinaryFile::BSFaceGenBinaryFile|0x010A2C38
0x006B0A30|BSFaceGenBinaryFile::BSFaceGenBinaryFile|0x010A2C38
0x006B0B60|BSFaceGenBinaryFile::BSFaceGenBinaryFile|0x010A2C38
0x006B0D1B|BSFaceGenBinaryFile::BSFaceGenBinaryFile|0x010A2C38
0x006BF794|std::bad_alloc::bad_alloc|0x010176F8
0x006D33C0|std::bad_alloc::bad_alloc|0x010176F8
0x006D3450|std::bad_alloc::bad_alloc|0x010176F8
0x006D3550|std::bad_alloc::bad_alloc|0x010176F8
0x0070E880|std::bad_alloc::bad_alloc|0x010176F8
0x0070E929|std::bad_alloc::bad_alloc|0x010176F8
0x00714B40|std::bad_alloc::bad_alloc|0x010176F8
0x007219CD|std::bad_alloc::bad_alloc|0x010176F8
0x00721AE7|std::bad_alloc::bad_alloc|0x010176F8
0x00721B9F|std::bad_alloc::bad_alloc|0x010176F8
0x00721C56|std::bad_alloc::bad_alloc|0x010176F8
0x0072C532|std::bad_alloc::bad_alloc|0x010176F8
0x00734035|std::bad_alloc::bad_alloc|0x010176F8
0x00738C9E|std::length_error::length_error|0x010173DC
0x0073967A|std::bad_alloc::bad_alloc|0x010176F8
0x0073A050|std::out_of_range::out_of_range|0x010A57FC
0x00740A3C|std::length_error::length_error|0x010173DC
0x00740F1E|std::bad_alloc::bad_alloc|0x010176F8
0x0074C2DE|NiAlphaProperty::NiAlphaProperty|0x010162DC
0x00756305|NiRefObject::NiRefObject|0x0101DCE4
0x0075E71E|BSStream::BSStream|0x01016904
0x0075EBB3|NiRefObject::NiRefObject|0x0101DCE4
0x0075ECA0|NiRefObject::NiRefObject|0x0101DCE4
0x00760620|NiAlphaProperty::NiAlphaProperty|0x010162DC
0x00764825|NiRefObject::NiRefObject|0x0101DCE4
0x007649DB|NiRefObject::NiRefObject|0x0101DCE4
0x00764B0E|NiRefObject::NiRefObject|0x0101DCE4
0x0077C2C0|?$NiTArray@V?$NiPointer@VNiShaderConstantMapEntry::?$NiTArray@V?$NiPointer@VNiShaderConstantMapEntry|0x010EF53C
0x0077C3A0|?$NiTObjectArray@V?$NiPointer@VNiShaderConstantMapEntry::?$NiTObjectArray@V?$NiPointer@VNiShaderConstantMapEntry|0x010F003C
0x0077C447|?$NiTObjectArray@V?$NiPointer@VNiShaderConstantMapEntry::?$NiTObjectArray@V?$NiPointer@VNiShaderConstantMapEntry|0x010F003C
0x00788ACE|NiTMap<unsigned int,unsigned int>::NiTMap<unsigned int,unsigned int>|0x0106CF68
0x00798610|?$NiTMapBase@V?$DFALL@V?$NiTMapItem@II::?$NiTMapBase@V?$DFALL@V?$NiTMapItem@II|0x0106CF88
0x007988A0|NiTMap<unsigned int,unsigned int>::NiTMap<unsigned int,unsigned int>|0x0106CF68
0x0079D313|BSSimpleArray<NiNode *>::BSSimpleArray<NiNode *>|0x0101A8E8
0x0079D488|NiRefObject::NiRefObject|0x0101DCE4
0x0079DE25|NiRefObject::NiRefObject|0x0101DCE4
0x007A4480|NiTPrimitiveArray<NiAdditionalGeometryData::NiAGDDataBlock *>::NiAGDDataBlock *>|0x0102E474
0x007A5ED0|?$NiTArray@V?$NiPointer@VNiAVObject::?$NiTArray@V?$NiPointer@VNiAVObject|0x0101FBCC
0x007A6035|?$NiTArray@V?$NiPointer@VNiAVObject::?$NiTArray@V?$NiPointer@VNiAVObject|0x0101FBCC
0x007A6113|?$NiTObjectArray@V?$NiPointer@VNiAVObject::?$NiTObjectArray@V?$NiPointer@VNiAVObject|0x0101FBD4
0x007AE043|NiAlphaProperty::NiAlphaProperty|0x010162DC
0x007B13D0|NiRefObject::NiRefObject|0x0101DCE4
0x007B156D|NiRefObject::NiRefObject|0x0101DCE4
0x007B1A29|NiRefObject::NiRefObject|0x0101DCE4
0x007B1BEA|NiRefObject::NiRefObject|0x0101DCE4
0x007B62A4|NiFogProperty::NiFogProperty|0x010A0E0C
0x007DE9B0|NiD3DPixelShader::NiD3DPixelShader|0x010EF7D4
0x007DEC6A|NiD3DVertexShader::NiD3DVertexShader|0x010EF87C
0x0081A2F0|NiPSysEmitterCtlr::NiPSysEmitterCtlr|0x010BD594
0x0081A3B0|NiPSysEmitterCtlr::NiPSysEmitterCtlr|0x010BD594
0x0081A5A0|NiPSysEmitterCtlr::NiPSysEmitterCtlr|0x010BD594
0x0081A640|NiPSysEmitterCtlr::NiPSysEmitterCtlr|0x010BD594
0x0081B6F0|NiRefObject::NiRefObject|0x0101DCE4
0x0081D510|?$NiTArray@V?$NiPointer@VNiSkinnedEmitterData@NiPSysMeshEmitter::?$NiTArray@V?$NiPointer@VNiSkinnedEmitterData@NiPSysMeshEmitter|0x010BD6A0
0x0081D525|?$NiTArray@V?$NiPointer@VNiGeometry::?$NiTArray@V?$NiPointer@VNiGeometry|0x010BD698
0x0081D660|?$NiTObjectArray@V?$NiPointer@VNiSkinnedEmitterData@NiPSysMeshEmitter::?$NiTObjectArray@V?$NiPointer@VNiSkinnedEmitterData@NiPSysMeshEmitter|0x010BD7F4
0x0081DBF7|NiPSysCylinderEmitter::NiPSysCylinderEmitter|0x010BD8B4
0x0081DD85|NiPSysCylinderEmitter::NiPSysCylinderEmitter|0x010BD8B4
0x0081E080|NiPSysSphereEmitter::NiPSysSphereEmitter|0x010BD974
0x0081E366|NiPSysBoxEmitter::NiPSysBoxEmitter|0x010BDA2C
0x0081E4E0|NiPSysBoxEmitter::NiPSysBoxEmitter|0x010BDA2C
0x0081EA2F|NiPSysRotationModifier::NiPSysRotationModifier|0x010BDAEC
0x0081F790|?$NiTArray@V?$NiPointer@VNiAVObject::?$NiTArray@V?$NiPointer@VNiAVObject|0x0101FBCC
0x0081FE59|NiMeshParticleSystem::NiMeshParticleSystem|0x010BDD84
0x0081FF1E|NiPSysEmitter::NiPSysEmitter|0x010BDE84
0x008233DC|NiPSysData::NiPSysData|0x010BE254
0x00823917|NiTask::NiTask|0x01069674
0x00823B20|NiTask::NiTask|0x01069674
0x00823FC5|BSStripPSysData::BSStripPSysData|0x010BE514
0x0082457A|BSStripPSysData::BSStripPSysData|0x010BE514
0x008251AE|NiPSysUpdateCtlr::NiPSysUpdateCtlr|0x010BE6B4
0x00825386|NiPSysTurbulenceFieldModifier::NiPSysTurbulenceFieldModifier|0x010BE774
0x0082569D|NiPSysTurbulenceFieldModifier::NiPSysTurbulenceFieldModifier|0x010BE774
0x00826CFB|NiPSysPositionModifier::NiPSysPositionModifier|0x010BEA54
0x00827F36|NiPSysInitialRotSpeedVarCtlr::NiPSysInitialRotSpeedVarCtlr|0x010BECBC
0x00828110|NiPSysInitialRotAngleVarCtlr::NiPSysInitialRotAngleVarCtlr|0x010BEEBC
0x00828327|NiPSysGrowFadeModifier::NiPSysGrowFadeModifier|0x010BF0BC
0x0082890E|NiPSysGravityStrengthCtlr::NiPSysGravityStrengthCtlr|0x010BF1AC
0x00828A02|NiPSysGravityFieldModifier::NiPSysGravityFieldModifier|0x010BF2AC
0x0082904D|NiPSysFieldMaxDistanceCtlr::NiPSysFieldMaxDistanceCtlr|0x010BF354
0x008290C8|NiPSysFieldMaxDistanceCtlr::NiPSysFieldMaxDistanceCtlr|0x010BF354
0x00829178|NiPSysFieldMagnitudeCtlr::NiPSysFieldMagnitudeCtlr|0x010BF454
0x0082919C|NiPSysFieldMagnitudeCtlr::NiPSysFieldMagnitudeCtlr|0x010BF454
0x0082941E|NiPSysEmitterSpeedCtlr::NiPSysEmitterSpeedCtlr|0x010BF654
0x0082965F|NiPSysEmitterLifeSpanCtlr::NiPSysEmitterLifeSpanCtlr|0x010BF954
0x008296DC|NiPSysEmitterLifeSpanCtlr::NiPSysEmitterLifeSpanCtlr|0x010BF954
0x00829750|NiPSysEmitterInitialRadiusCtlr::NiPSysEmitterInitialRadiusCtlr|0x010BFA54
0x00829900|NiPSysEmitterDeclinationVarCtlr::NiPSysEmitterDeclinationVarCtlr|0x010BFB54
0x008299BE|NiPSysEmitterDeclinationCtlr::NiPSysEmitterDeclinationCtlr|0x010BFC54
0x00829AF0|NiPSysEmitterCtlrData::NiPSysEmitterCtlrData|0x010BFD54
0x00829D00|NiPSysEmitterCtlrData::NiPSysEmitterCtlrData|0x010BFD54
0x0082A050|NiPSysDragModifier::NiPSysDragModifier|0x010BFE44
0x0082A870|NiPSysDragFieldModifier::NiPSysDragFieldModifier|0x010BFF2C
0x0082D180|NiPSysAgeDeathModifier::NiPSysAgeDeathModifier|0x010C0304
0x0082E74A|NiPSysAirFieldInheritVelocityCtlr::NiPSysAirFieldInheritVelocityCtlr|0x010C05E4
0x0082E852|NiPSysAirFieldAirFrictionCtlr::NiPSysAirFieldAirFrictionCtlr|0x010C06E4
0x0082E938|NiPSysAirFieldAirFrictionCtlr::NiPSysAirFieldAirFrictionCtlr|0x010C06E4
0x0082F466|NiPSysModifierCtlr::NiPSysModifierCtlr|0x010C08AC
0x0082F779|NiPSysModifier::NiPSysModifier|0x010C09CC
0x0082F8D0|NiPSysModifier::NiPSysModifier|0x010C09CC
0x0082FD1F|NiPSysVolumeEmitter::NiPSysVolumeEmitter|0x010C0A8C
0x00830024|NiPSysFieldModifier::NiPSysFieldModifier|0x010C0B5C
0x00830DF0|NiPSysModifierFloatCtlr::NiPSysModifierFloatCtlr|0x010C0E44
0x0083C220|BSTaskManagerIterator<__int64>::BSTaskManagerIterator<__int64>|0x010C1664
0x0083C32D|LockFreeMapIterator@?$LockFreeMap@_JV?$NiPointer@V?$BSTask@_J::LockFreeMapIterator@?$LockFreeMap@_JV?$NiPointer@V?$BSTask@_J|0x010C1670
0x0084E7DE|BSTasklet::BSTasklet|0x0106C5D8
0x0084E900|BSTasklet::BSTasklet|0x0106C5D8
0x00863880|bhkCollisionObject::bhkCollisionObject|0x0103046C
0x0086444A|hkpCollidableCollidableFilter::hkpCollidableCollidableFilter|0x010C3B80
0x00864471|hkpRayCollidableFilter::hkpRayCollidableFilter|0x010C3B8C
0x00864530|ahkpWorld::ahkpWorld|0x010C3BC4
0x00864640|BSTaskletManagerCallback::BSTaskletManagerCallback|0x010A47B8
0x00864DA0|ahkpWorld::ahkpWorld|0x010C3BC4
0x00866210|bhkWorldCinfo::bhkWorldCinfo|0x010C3C44
0x008663BA|bhkCollisionFilter::bhkCollisionFilter|0x010C3BE0
0x00867110|bhkWorld::bhkWorld|0x010C40B4
0x00868D0D|bhkWorld::bhkWorld|0x010C40B4
0x00869955|bhkNiCollisionObject::bhkNiCollisionObject|0x010C4314
0x00869B0F|bhkNiCollisionObject::bhkNiCollisionObject|0x010C4314
0x0086A2E0|bhkNiCollisionObject::bhkNiCollisionObject|0x010C4314
0x0086ACA0|hkpCharacterProxyListener::hkpCharacterProxyListener|0x010C446C
0x0086AF97|bhkCharacterProxy::bhkCharacterProxy|0x010C45CC
0x0086B0A0|bhkShapePhantom::bhkShapePhantom|0x010306B4
0x0086B0C1|bhkCachingShapePhantom::bhkCachingShapePhantom|0x010C4694
0x0086B320|bhkListShape::bhkListShape|0x010C485C
0x0086BA30|hkpCdPointCollector::hkpCdPointCollector|0x0104DA3C
0x0086E61F|bhkCharacterController::bhkCharacterController|0x010C49C4
0x008723F9|bhkCharacterController::bhkCharacterController|0x010C49C4
0x00872EB6|hkaRaycastInterface::hkaRaycastInterface|0x010C4B60
0x00873D20|?$NiTMapBase@V?$DFALL@V?$NiTMapItem@PBDV?$NiPointer@VbhkPoseArray::?$NiTMapBase@V?$DFALL@V?$NiTMapItem@PBDV?$NiPointer@VbhkPoseArray|0x010C4C64
0x00873EC4|?$NiTMapBase@V?$DFALL@V?$NiTMapItem@PBDV?$NiPointer@VbhkRagdollShareData::?$NiTMapBase@V?$DFALL@V?$NiTMapItem@PBDV?$NiPointer@VbhkRagdollShareData|0x010C4CA4
0x00873F12|?$NiTMap@PBDV?$NiPointer@VbhkRagdollShareData::?$NiTMap@PBDV?$NiPointer@VbhkRagdollShareData|0x010C4CC4
0x00873F79|?$NiTMapBase@V?$DFALL@V?$NiTMapItem@PBDV?$NiPointer@VbhkRagdollShareData::?$NiTMapBase@V?$DFALL@V?$NiTMapItem@PBDV?$NiPointer@VbhkRagdollShareData|0x010C4CA4
0x00873FA9|?$NiTMapBase@V?$DFALL@V?$NiTMapItem@PAVNiAVObject::?$NiTMapBase@V?$DFALL@V?$NiTMapItem@PAVNiAVObject|0x010C4CF8
0x00873FD3|NiTMap<NiAVObject *>::NiTMap<NiAVObject *>|0x010C4D18
0x00874012|?$NiTMapBase@V?$DFALL@V?$NiTMapItem@PAVNiAVObject::?$NiTMapBase@V?$DFALL@V?$NiTMapItem@PAVNiAVObject|0x010C4CF8
0x008740B8|?$NiTMapBase@V?$DFALL@V?$NiTMapItem@PAVNiAVObject::?$NiTMapBase@V?$DFALL@V?$NiTMapItem@PAVNiAVObject|0x010C4CF8
0x008742CF|bhkRagdollShareData::bhkRagdollShareData|0x010C4B74
0x008787CD|BSSimpleArray<bhkRagdollController::bhkSkeletonBone *>::bhkSkeletonBone *>|0x010C4CE4
0x0087BA10|bhkRagdollController::bhkRagdollController|0x010C4DDC
0x0087BCB0|hkaRaycastInterface::hkaRaycastInterface|0x010C4B60
0x0087BE20|hkBaseObject::hkBaseObject|0x0102E388
0x0087BF50|hkaSkeleton::hkaSkeleton|0x010C4DEC
0x0087C70D|hkaSkeleton::hkaSkeleton|0x010C4DEC
0x0087CAF6|bhkRagdollShareData::bhkRagdollShareData|0x010C4B74
0x0087D170|bhkRagdollController::bhkRagdollController|0x010C4DDC
0x0087DC40|bhkStiffSpringConstraint::bhkStiffSpringConstraint|0x010C52BC
0x0087F640|bhkBlendCollisionObject::bhkBlendCollisionObject|0x010C53DC
0x0087F690|bhkBlendCollisionObject::bhkBlendCollisionObject|0x010C53DC
0x0087F6C6|bhkBlendCollisionObject::bhkBlendCollisionObject|0x010C53DC
0x0087F7A0|bhkBlendCollisionObject::bhkBlendCollisionObject|0x010C53DC
0x00883B21|bhkWorldObject::bhkWorldObject|0x01030394
0x008846D4|hkpMotion::hkpMotion|0x010C59F4
0x00884880|bhkUnaryAction::bhkUnaryAction|0x0102009C
0x00885A18|bhkAction::bhkAction|0x0102016C
0x00885C80|bhkRefObject::bhkRefObject|0x010C5B54
0x00885D58|bhkRefObject::bhkRefObject|0x010C5B54
0x008862AB|bhkPCollisionObject::bhkPCollisionObject|0x01066B94
0x00886800|WeaponObject::WeaponObject|0x010C5C1C
0x008869DC|WeaponObject::WeaponObject|0x010C5C1C
0x008875DB|WeaponObject::WeaponObject|0x010C5C1C
0x00888F5E|bhkListShape::bhkListShape|0x010C485C
0x00889026|bhkListShape::bhkListShape|0x010C485C
0x0088A131|bhkTransformShape::bhkTransformShape|0x01066D44
0x0088A712|bhkTransformShape::bhkTransformShape|0x01066D44
0x0088CA36|bhkRigidBody::bhkRigidBody|0x010301B4
0x0088CDF0|bhkRigidBody::bhkRigidBody|0x010301B4
0x0088D4A0|bhkEntity::bhkEntity|0x010302BC
0x0088D510|bhkRigidBody::bhkRigidBody|0x010301B4
0x0088E150|bhkBlendCollisionObjectAddRotation::bhkBlendCollisionObjectAddRotation|0x010C6234
0x0088E208|bhkBlendCollisionObjectAddRotation::bhkBlendCollisionObjectAddRotation|0x010C6234
0x0088E927|hkBaseObject::hkBaseObject|0x0102E388
0x0088EC60|hkpWorldCinfo::hkpWorldCinfo|0x0102F0EC
0x00891EC7|hkpWorld::hkpWorld|0x010C6714
0x008924C6|hkBaseObject::hkBaseObject|0x0102E388
0x00893AA0|hkpWorld::hkpWorld|0x010C6714
0x008944A0|hkpNullCollisionFilter::hkpNullCollisionFilter|0x010C6434
0x00895800|hkpNullCollisionFilter::hkpNullCollisionFilter|0x010C6460
0x00895A18|hkpNullCollisionFilter::hkpNullCollisionFilter|0x010C6434
0x00896303|hkBaseObject::hkBaseObject|0x0102E388
0x008966A8|hkBaseObject::hkBaseObject|0x0102E388
0x00897F34|hkDebugDisplay::hkDebugDisplay|0x010C69CC
0x00897F7D|hkBaseObject::hkBaseObject|0x0102E388
0x008980D0|bhkWorldM::bhkWorldM|0x010C69F4
0x00898E60|NiTLargeArray<BLENDKEY>::NiTLargeArray<BLENDKEY>|0x010C6B04
0x00898F86|NiTLargePrimitiveArray<BLENDKEY>::NiTLargePrimitiveArray<BLENDKEY>|0x010C6B0C
0x0089AD60|hkpEntity::hkpEntity|0x010C6F7C
0x0089AE80|hkpEntity::hkpEntity|0x010C6F7C
0x0089B020|hkpEntity::hkpEntity|0x010C6F7C
0x0089B470|hkBaseObject::hkBaseObject|0x0102E388
0x0089B670|bhkEntity::bhkEntity|0x010302BC
0x0089B970|hkBaseObject::hkBaseObject|0x0102E388
0x0089C380|hkpSingleShapeContainer::hkpSingleShapeContainer|0x010C6FD0
0x0089CCE0|bhkShapePhantom::bhkShapePhantom|0x010306B4
0x0089D55E|bhkAabbPhantom::bhkAabbPhantom|0x01030864
0x0089D600|bhkPhantom::bhkPhantom|0x0103078C
0x0089D620|bhkAabbPhantom::bhkAabbPhantom|0x01030864
0x0089D746|bhkAabbPhantom::bhkAabbPhantom|0x01030864
0x0089DDB0|bhkBoxShape::bhkBoxShape|0x0103093C
0x0089E5D5|bhkSphereRepShape::bhkSphereRepShape|0x01030B0C
0x0089E6E7|bhkSphereShape::bhkSphereShape|0x01030CDC
0x0089ED1B|hkaRagdollRaycastInterface::hkaRagdollRaycastInterface|0x010C7304
0x0089ED55|BSSimpleArray<bhkRagdollPenetrationUtil::ConstrainedSystem *>::ConstrainedSystem *>|0x010C7310
0x0089EDD7|BSSimpleArray<bhkRagdollPenetrationUtil::ConstrainedSystem *>::ConstrainedSystem *>|0x010C7310
0x0089EE42|BSSimpleArray<bhkRagdollPenetrationUtil::ConstrainedSystem *>::ConstrainedSystem *>|0x010C7310
0x008A029D|hkaSkeleton::hkaSkeleton|0x010C4DEC
0x008A1700|hkPackedNiTriStripsData::hkPackedNiTriStripsData|0x010C740C
0x008A1BA7|hkPackedNiTriStripsShape::hkPackedNiTriStripsShape|0x010C753C
0x008A1C38|hkBaseObject::hkBaseObject|0x0102E388
0x008A2660|hkBaseObject::hkBaseObject|0x0102E388
0x008A2E17|bhkBvTreeShape::bhkBvTreeShape|0x0104DBAC
0x008A33ED|bhkPackedNiTriStripsShape::bhkPackedNiTriStripsShape|0x010C761C
0x008A34A4|bhkPackedNiTriStripsShape::bhkPackedNiTriStripsShape|0x010C761C
0x008A375A|bhkPackedNiTriStripsShape::bhkPackedNiTriStripsShape|0x010C761C
0x008A4754|bhkNiTriStripsShape::bhkNiTriStripsShape|0x010C771C
0x008A4A90|bhkNiTriStripsShape::bhkNiTriStripsShape|0x010C771C
0x008A4EDB|NiTLargeArray<hkNiTriStripsData>::NiTLargeArray<hkNiTriStripsData>|0x010C759C
0x008A6CE1|hkpRigidBody::hkpRigidBody|0x010C7888
0x008A726E|hkpCharacterMotion::hkpCharacterMotion|0x010C6EA4
0x008A7310|hkpSphereMotion::hkpSphereMotion|0x010C6D54
0x008A7CB9|ahkpMalleableConstraintData::ahkpMalleableConstraintData|0x010C82EC
0x008A7E2C|ahkpMalleableConstraintData::ahkpMalleableConstraintData|0x010C82EC
0x008A822C|bhkLimitedHingeConstraint::bhkLimitedHingeConstraint|0x010C5CE4
0x008A85D3|bhkLimitedHingeConstraint::bhkLimitedHingeConstraint|0x010C5CE4
0x008A8D94|bhkCapsuleShape::bhkCapsuleShape|0x01066E2C
0x008A8E91|bhkCapsuleShape::bhkCapsuleShape|0x01066E2C
0x008ABAD0|hkpCharacterProxy::hkpCharacterProxy|0x010C8470
0x008ABB30|hkpCharacterProxy::hkpCharacterProxy|0x010C8470
0x008ABCB0|hkpEntityListener::hkpEntityListener|0x0102F13C
0x008AE250|bhkTriSampledHeightFieldBvTreeShape::bhkTriSampledHeightFieldBvTreeShape|0x0104DAC4
0x008AE67E|bhkTriSampledHeightFieldBvTreeShape::bhkTriSampledHeightFieldBvTreeShape|0x0104DAC4
0x008AE900|hkBSHeightFieldShape::hkBSHeightFieldShape|0x010C853C
0x008AF7AD|hkErrStream::hkErrStream|0x010C85A0
0x008B1030|bhkRigidBodyT::bhkRigidBodyT|0x010C879C
0x008B1870|bhkWorldObject::bhkWorldObject|0x01030394
0x008B18F0|bhkRigidBodyT::bhkRigidBodyT|0x010C879C
0x008B1930|bhkRigidBodyT::bhkRigidBodyT|0x010C879C
0x008B5750|bhkSPCollisionObject::bhkSPCollisionObject|0x01066ACC
0x008B59CD|bhkMultiSphereShape::bhkMultiSphereShape|0x01066C5C
0x008B5B10|bhkMultiSphereShape::bhkMultiSphereShape|0x01066C5C
0x008B6520|bhkOrientHingedBodyAction::bhkOrientHingedBodyAction|0x010C8914
0x008B6581|bhkOrientHingedBodyAction::bhkOrientHingedBodyAction|0x010C8914
0x008B6800|bhkOrientHingedBodyAction::bhkOrientHingedBodyAction|0x010C8914
0x008B6BAB|hkBaseObject::hkBaseObject|0x0102E388
0x008B70DB|hkpLimitedHingeConstraintData::hkpLimitedHingeConstraintData|0x010C89E4
0x008B7A60|bhkMalleableConstraint::bhkMalleableConstraint|0x010C81AC
0x008B7AE0|bhkSphereRepShape::bhkSphereRepShape|0x01030B0C
0x008B7B4F|bhkBallAndSocketConstraint::bhkBallAndSocketConstraint|0x010C8B0C
0x008B7C60|bhkRagdollConstraint::bhkRagdollConstraint|0x010C8BEC
0x008B8000|BSSimpleArray<hkConstraintCinfo *>::BSSimpleArray<hkConstraintCinfo *>|0x010C8D00
0x008B803D|BSSimpleArray<hkConstraintCinfo *>::BSSimpleArray<hkConstraintCinfo *>|0x010C8D00
0x008B80B4|BSSimpleArray<enum hkpConstraintData::ConstraintType>::ConstraintType>|0x010C8D14
0x008B8180|BSSimpleArray<enum hkpConstraintData::ConstraintType>::ConstraintType>|0x010C8D14
0x008B83F0|BSSimpleArray<hkConstraintCinfo *>::BSSimpleArray<hkConstraintCinfo *>|0x010C8D00
0x008B8FD6|bhkRagdollTemplate::bhkRagdollTemplate|0x010C8DCC
0x008B9555|hkpMouseSpringAction::hkpMouseSpringAction|0x010C8E94
0x008B9650|hkpMouseSpringAction::hkpMouseSpringAction|0x010C8E94
0x008BA7AA|?$NiTMapBase@V?$DFALL@V?$NiTMapItem@PAVNiAVObject::?$NiTMapBase@V?$DFALL@V?$NiTMapItem@PAVNiAVObject|0x010C91A8
0x008BADB0|bhkLiquidAction::bhkLiquidAction|0x0108F1BC
0x008BB9C0|bhkHingeConstraint::bhkHingeConstraint|0x0108FDDC
0x008BBBD0|bhkHingeConstraint::bhkHingeConstraint|0x0108FDDC
0x008BBEA4|bhkHingeConstraint::bhkHingeConstraint|0x0108FDDC
0x008BC810|hkpHingeConstraintData::hkpHingeConstraintData|0x010C91EC
0x008BD700|hkpPhantomOverlapListener::hkpPhantomOverlapListener|0x010C925C
0x008BE107|hkBaseObject::hkBaseObject|0x0102E388
0x008BE7B0|hkArrayStreamWriter::hkArrayStreamWriter|0x010C9368
0x008BE810|hkBaseObject::hkBaseObject|0x0102E388
0x008BEAF0|hkpHavokSnapshot::ConvertListener::ConvertListener|0x010C93E4
0x008BEB70|hkBaseObject::hkBaseObject|0x0102E388
0x008BF3C0|bhkPoseArray::bhkPoseArray|0x010C93FC
0x008BF6B0|bhkPoseArray::bhkPoseArray|0x010C93FC
0x008BFAA0|?$NiTLargeArray@V?$NiPointer@VNiTimeController::?$NiTLargeArray@V?$NiPointer@VNiTimeController|0x010C9490
0x008BFE20|?$NiTLargePrimitiveArray@V?$NiPointer@VNiTimeController::?$NiTLargePrimitiveArray@V?$NiPointer@VNiTimeController|0x010C9498
0x008BFEF0|?$NiTLargeArray@V?$NiPointer@VNiTimeController::?$NiTLargeArray@V?$NiPointer@VNiTimeController|0x010C9490
0x008C0460|bhkCachingShapePhantom::bhkCachingShapePhantom|0x010C4694
0x008C0B50|bhkSpringAction::bhkSpringAction|0x010C955C
0x008C0D30|bhkSpringAction::bhkSpringAction|0x010C955C
0x008C12D1|bhkMotorAction::bhkMotorAction|0x010C9634
0x008C1420|bhkMotorAction::bhkMotorAction|0x010C9634
0x008C19E0|bhkDashpotAction::bhkDashpotAction|0x010C970C
0x008C1CF0|bhkDashpotAction::bhkDashpotAction|0x010C970C
0x008C21D6|bhkAngularDashpotAction::bhkAngularDashpotAction|0x010C97E4
0x008C2350|bhkAngularDashpotAction::bhkAngularDashpotAction|0x010C97E4
0x008C239D|bhkAction::bhkAction|0x0102016C
0x008C23C0|bhkAngularDashpotAction::bhkAngularDashpotAction|0x010C97E4
0x008C2847|bhkBreakableConstraint::bhkBreakableConstraint|0x010C98BC
0x008C2CE9|bhkConstraint::bhkConstraint|0x0108FEBC
0x008C30BD|bhkWheelConstraint::bhkWheelConstraint|0x010C9A14
0x008C31AD|bhkWheelConstraint::bhkWheelConstraint|0x010C9A14
0x008C39B0|bhkStiffSpringConstraint::bhkStiffSpringConstraint|0x010C52BC
0x008C4180|bhkRagdollLimitsConstraint::bhkRagdollLimitsConstraint|0x010C9B0C
0x008C4727|bhkRagdollConstraint::bhkRagdollConstraint|0x010C8BEC
0x008C47F0|bhkConstraint::bhkConstraint|0x0108FEBC
0x008C5930|bhkPrismaticConstraint::bhkPrismaticConstraint|0x010C9C84
0x008C5E60|bhkFixedConstraint::bhkFixedConstraint|0x010C9D7C
0x008C66B0|bhkHingeLimitsConstraint::bhkHingeLimitsConstraint|0x010C9F74
0x008C715D|bhkConstraint::bhkConstraint|0x0108FEBC
0x008C718E|bhkBallSocketConstraintChain::bhkBallSocketConstraintChain|0x010CA06C
0x008C76E6|bhkBallAndSocketConstraint::bhkBallAndSocketConstraint|0x010C8B0C
0x008C7753|bhkConstraint::bhkConstraint|0x0108FEBC
0x008C7771|bhkBallAndSocketConstraint::bhkBallAndSocketConstraint|0x010C8B0C
0x008C7F10|bhkMoppBvTreeShape::bhkMoppBvTreeShape|0x010CA24C
0x008C8234|bhkShape::bhkShape|0x01030BF4
0x008C8251|bhkMoppBvTreeShape::bhkMoppBvTreeShape|0x010CA24C
0x008C91C0|bhkPlaneShape::bhkPlaneShape|0x010CA4DC
0x008C925F|bhkShape::bhkShape|0x01030BF4
0x008C92B5|bhkPlaneShape::bhkPlaneShape|0x010CA4DC
0x008C9640|bhkPlaneShape::bhkPlaneShape|0x010CA4DC
0x008C9C60|bhkExtendedMeshShape::bhkExtendedMeshShape|0x010CA744
0x008C9E60|bhkExtendedMeshShape::bhkExtendedMeshShape|0x010CA744
0x008C9ECD|bhkExtendedMeshShape::bhkExtendedMeshShape|0x010CA744
0x008CA87F|bhkExtendedMeshShapeData::bhkExtendedMeshShapeData|0x010CA6B4
0x008CAA80|bhkExtendedMeshShapeData::bhkExtendedMeshShapeData|0x010CA6B4
0x008CBC00|bhkConvexVerticesShape::bhkConvexVerticesShape|0x010CA924
0x008CBCE0|bhkConvexVerticesShape::bhkConvexVerticesShape|0x010CA924
0x008CCA5B|bhkConvexTransformShape::bhkConvexTransformShape|0x010CAA0C
0x008CD7BD|bhkConvexListShape::bhkConvexListShape|0x010CABDC
0x008CD7F7|bhkConvexShape::bhkConvexShape|0x01030A24
0x008CD81A|bhkConvexListShape::bhkConvexListShape|0x010CABDC
0x008CEA70|hkMemoryBlockServer::hkMemoryBlockServer|0x010CAD0C
0x008CFE8A|hkpWorldDeletionListener::hkpWorldDeletionListener|0x010CB1C4
0x008CFF2D|hkpConstraintListener::hkpConstraintListener|0x010CB1E4
0x008D06C0|hkpPhysicsContext::hkpPhysicsContext|0x010CB260
0x008D0E60|bhkShapeCollection::bhkShapeCollection|0x010C44E4
0x008D5E89|hkCharControllerShape::hkCharControllerShape|0x010CB45C
0x008D5FD0|bhkCharControllerShape::bhkCharControllerShape|0x010CB4AC
0x008DD320|hkpRagdollConstraintData::hkpRagdollConstraintData|0x010CB71C
0x008DD858|hkBaseObject::hkBaseObject|0x0102E388
0x008E0675|hkaRagdollInstance::hkaRagdollInstance|0x010CB830
0x008E077E|hkBaseObject::hkBaseObject|0x0102E388
0x008E0A46|hkBaseObject::hkBaseObject|0x0102E388
0x008E2A50|hkaSkeletonMapper::hkaSkeletonMapper|0x010CB864
0x008E9310|hkaSkeleton::hkaSkeleton|0x010C4DEC
0x008F1EB3|hkpConstraintInstance::hkpConstraintInstance|0x010CC040
0x008F1F80|hkpConstraintInstance::hkpConstraintInstance|0x010CC040
0x008F2214|bhkPositionConstraintMotor::bhkPositionConstraintMotor|0x010CC064
0x008F25E5|bhkSpringDamperConstraintMotor::bhkSpringDamperConstraintMotor|0x010CC164
0x008F2D9F|hkpAction::hkpAction|0x010CC2FC
0x008F2DC0|hkpBinaryAction::hkpBinaryAction|0x010CC320
0x008F2DF5|hkpBinaryAction::hkpBinaryAction|0x010CC320
0x008F2ED0|hkBaseObject::hkBaseObject|0x0102E388
0x008F373D|hkpListShape::hkpListShape|0x010CC3B8
0x008F37BD|hkpListShape::hkpListShape|0x010CC3B8
0x008F3812|hkBaseObject::hkBaseObject|0x0102E388
0x008F3E60|hkpSingleShapeContainer::hkpSingleShapeContainer|0x010C6FD0
0x008F3EA0|hkBaseObject::hkBaseObject|0x0102E388
0x008FB748|hkpSimpleConstraintContactMgr::hkpSimpleConstraintContactMgr|0x010CC984
0x008FB7EA|hkBaseObject::hkBaseObject|0x0102E388
0x008FBB40|hkBaseObject::hkBaseObject|0x0102E388
0x00900CA0|hkpMultiThreadedSimulation::MtEntityEntityBroadPhaseListener::MtEntityEntityBroadPhaseListener|0x010CCB84
0x00900D40|hkpMultiThreadedSimulation::MtBroadPhaseBorderListener::MtBroadPhaseBorderListener|0x010CCBA4
0x00902362|hkpBroadPhaseListener::hkpBroadPhaseListener|0x010C63BC
0x00904650|hkpPhysicsSystem::hkpPhysicsSystem|0x010CCE28
0x00904890|hkBaseObject::hkBaseObject|0x0102E388
0x009057A0|hkpSimulationIsland::hkpSimulationIsland|0x010CCF28
0x00905840|hkBaseObject::hkBaseObject|0x0102E388
0x00906170|hkpPhantom::hkpPhantom|0x010C7214
0x009064A0|hkKdTreeCastCollector::hkKdTreeCastCollector|0x010CCF8C
0x00906D50|hkpAabbTreeWorldManager::hkpAabbTreeWorldManager|0x010CD024
0x00906EB0|hkpAabbTreeWorldManager::hkpAabbTreeWorldManager|0x010CD034
0x00906F50|hkpAabbTreeWorldManager::hkpAabbTreeWorldManager|0x010CD024
0x00906FB0|hkpPhantomListener::hkpPhantomListener|0x0104E3D0
0x00908192|hkKdTreeCastCollector::hkKdTreeCastCollector|0x010CCF8C
0x009081D0|Collector@?$hkAabbTreeQueryUtils@UhkAabbTreeAabb@hkAabbTreeData::Collector@?$hkAabbTreeQueryUtils@UhkAabbTreeAabb@hkAabbTreeData|0x010CCFA0
0x00908550|hkpPhantomListener::hkpPhantomListener|0x0104E3D0
0x009091D7|hkpCollisionCallbackUtil::hkpCollisionCallbackUtil|0x010CD30C
0x00909237|hkBaseObject::hkBaseObject|0x0102E388
0x009097F9|hkpBroadPhaseBorder::hkpBroadPhaseBorder|0x010CD394
0x00909DBD|hkBaseObject::hkBaseObject|0x0102E388
0x0090B040|hkpContinuousSimulation::hkpContinuousSimulation|0x010CD45C
0x0090B180|hkpContinuousSimulation::hkpContinuousSimulation|0x010CD45C
0x00911C10|hkp3AxisSweep::hkp3AxisSweep|0x010CD5CC
0x00919C20|Collector@?$hkAabbTreeQueryUtils@UhkAabbTreeAabb@hkAabbTreeData::Collector@?$hkAabbTreeQueryUtils@UhkAabbTreeAabb@hkAabbTreeData|0x010CD664
0x0091C0F0|hkBaseObject::hkBaseObject|0x0102E388
0x0091C23D|hkpFixedRigidMotion::hkpFixedRigidMotion|0x010C6CDC
0x0091CA00|hkpBoxMotion::hkpBoxMotion|0x010C6DC4
0x0091DBB0|hkaDetectRagdollPenetration::hkaDetectRagdollPenetration|0x010CE1A8
0x00922A72|hkpSampledHeightFieldShape::hkpSampledHeightFieldShape|0x010CE31C
0x00924360|hkpRayHitCollector::hkpRayHitCollector|0x0101E594
0x009248A0|hkBaseObject::hkBaseObject|0x0102E388
0x00924C33|hkpSingleShapeContainer::hkpSingleShapeContainer|0x010C6FD0
0x0092580D|hkBaseObject::hkBaseObject|0x0102E388
0x00928D38|hkOrientHingedBodyAction::hkOrientHingedBodyAction|0x010CE504
0x009293D8|hkBaseObject::hkBaseObject|0x0102E388
0x009296F1|hkDefaultError::hkDefaultError|0x010CE5D4
0x00929830|hkBaseObject::hkBaseObject|0x0102E388
0x00929873|hkSocket::ReaderAdapter::ReaderAdapter|0x010CE5FC
0x00929BF0|hkSocket::WriterAdapter::WriterAdapter|0x010CE630
0x00929EC7|hkBaseObject::hkBaseObject|0x0102E388
0x00929FD6|hkBaseObject::hkBaseObject|0x0102E388
0x0092A960|hkLiquidAction::hkLiquidAction|0x010CE740
0x0092AF20|hkCpuJobThreadPool::hkCpuJobThreadPool|0x010CE774
0x0092B181|hkCpuJobThreadPool::hkCpuJobThreadPool|0x010CE774
0x0092BC10|hkpCdPointCollector::hkpCdPointCollector|0x0104DA3C
0x0092BC30|hkpCdPointCollector::hkpCdPointCollector|0x0104DA3C
0x0092BC70|hkpCdBodyPairCollector::hkpCdBodyPairCollector|0x0104E328
0x0092C8A0|hkpSymmetricAgent<hkpBvTreeStreamAgent>::hkpSymmetricAgent<hkpBvTreeStreamAgent>|0x010CE874
0x0092C903|hkpSymmetricAgent<hkpBvTreeStreamAgent>::hkpSymmetricAgent<hkpBvTreeStreamAgent>|0x010CE874
0x0092CAF0|hkpBvTreeStreamAgent::hkpBvTreeStreamAgent|0x010CE838
0x0092CB50|hkBaseObject::hkBaseObject|0x0102E388
0x0092D240|hkpMoppAgent::hkpMoppAgent|0x010CE930
0x0092D3E0|hkBaseObject::hkBaseObject|0x0102E388
0x0092DA70|hkpSymmetricAgent<hkpBvTreeAgent>::hkpSymmetricAgent<hkpBvTreeAgent>|0x010CE9BC
0x0092DAC4|hkpSymmetricAgent<hkpBvTreeAgent>::hkpSymmetricAgent<hkpBvTreeAgent>|0x010CE9BC
0x009308F5|hkBaseObject::hkBaseObject|0x0102E388
0x009319E0|hkpConvexListAgent::hkpConvexListAgent|0x010CEBF0
0x00931E47|hkpPredGskfAgent::hkpPredGskfAgent|0x010CEB94
0x00931EB0|hkpSymmetricAgent<hkpConvexListAgent>::hkpSymmetricAgent<hkpConvexListAgent>|0x010CEC68
0x00932970|hkpCdBodyPairCollector::hkpCdBodyPairCollector|0x0104E328
0x00934B40|hkpListAgent::hkpListAgent|0x010CED34
0x00934D30|hkpSymmetricAgent<hkpListAgent>::hkpSymmetricAgent<hkpListAgent>|0x010CED70
0x00934FC6|hkBaseObject::hkBaseObject|0x0102E388
0x009357CB|hkpSymmetricAgentLinearCast<hkpMultiRayConvexAgent>::hkpSymmetricAgentLinearCast<hkpMultiRayConvexAgent>|0x010CEE10
0x00936270|hkpSymmetricAgentLinearCast<hkpMultiSphereTriangleAgent>::hkpSymmetricAgentLinearCast<hkpMultiSphereTriangleAgent>|0x010CEE88
0x009379FD|hkpSymmetricAgentLinearCast<hkpCapsuleTriangleAgent>::hkpSymmetricAgentLinearCast<hkpCapsuleTriangleAgent>|0x010CEF38
0x0093B1E0|hkpSphereTriangleAgent::hkpSphereTriangleAgent|0x010CF060
0x0093B380|hkpSymmetricAgentLinearCast<hkpSphereTriangleAgent>::hkpSymmetricAgentLinearCast<hkpSphereTriangleAgent>|0x010CF09C
0x0093E270|hkpBoxBoxAgent::hkpBoxBoxAgent|0x010CF1C4
0x0093FFA8|hkpPredGskfAgent::hkpPredGskfAgent|0x010CEB94
0x00940AF0|hkpTransformAgent::hkpTransformAgent|0x010CF280
0x00941128|hkpSymmetricAgent<hkpTransformAgent>::hkpSymmetricAgent<hkpTransformAgent>|0x010CF2C8
0x00942D60|hkpSymmetricAgent<hkpMultiSphereAgent>::hkpSymmetricAgent<hkpMultiSphereAgent>|0x010CF390
0x009431B0|hkBaseObject::hkBaseObject|0x0102E388
0x00943460|hkpBvAgent::hkpBvAgent|0x010CF3CC
0x00943FCA|hkpSymmetricAgent<hkpBvAgent>::hkpSymmetricAgent<hkpBvAgent>|0x010CF428
0x00944CC0|hkBaseObject::hkBaseObject|0x0102E388
0x00945AF0|hkDefaultBuiltinTypeRegistry::hkDefaultBuiltinTypeRegistry|0x010CF78C
0x00945B72|hkBaseObject::hkBaseObject|0x0102E388
0x00945BFA|hkBaseObject::hkBaseObject|0x0102E388
0x00945DD0|hkDefaultClassNameRegistry::hkDefaultClassNameRegistry|0x010CF804
0x00945E52|hkTypeInfoRegistry::hkTypeInfoRegistry|0x010CF7B0
0x00945EDA|hkVtableClassRegistry::hkVtableClassRegistry|0x010CF844
0x00947690|hkpStorageSampledHeightFieldShape::hkpStorageSampledHeightFieldShape|0x010CFB34
0x009476E0|hkpStorageSampledHeightFieldShape::hkpStorageSampledHeightFieldShape|0x010CFB34
0x00947730|hkpStorageSampledHeightFieldShape::hkpStorageSampledHeightFieldShape|0x010CFB34
0x009477A0|hkpStorageSampledHeightFieldShape::hkpStorageSampledHeightFieldShape|0x010CFB34
0x009481D0|hkpStorageExtendedMeshShape::hkpStorageExtendedMeshShape|0x010CFD20
0x00948AF0|hkpStorageExtendedMeshShape::hkpStorageExtendedMeshShape|0x010CFD20
0x00948D30|hkBaseObject::hkBaseObject|0x0102E388
0x00948FC0|hkpStorageExtendedMeshShape::MeshSubpartStorage::MeshSubpartStorage|0x010CFD84
0x009491B0|hkBaseObject::hkBaseObject|0x0102E388
0x009493E0|hkpStorageMeshShape::hkpStorageMeshShape|0x010D053C
0x00949420|hkpStorageMeshShape::hkpStorageMeshShape|0x010D053C
0x00949BAE|hkpStorageMeshShape::hkpStorageMeshShape|0x010D053C
0x00949C20|hkpStorageMeshShape::SubpartStorage::SubpartStorage|0x010D052C
0x00949DC0|hkBaseObject::hkBaseObject|0x0102E388
0x0094A0A7|hkBaseObject::hkBaseObject|0x0102E388
0x0094A2B0|hkpPhysicsData::hkpPhysicsData|0x010CF9A4
0x0094A3A0|hkpPhysicsSystemWithContacts::hkpPhysicsSystemWithContacts|0x010D07F4
0x0094B370|hkpSpringAction::hkpSpringAction|0x010D08F4
0x0094B9CF|hkpDashpotAction::hkpDashpotAction|0x010D0994
0x0094BD30|hkpAngularDashpotAction::hkpAngularDashpotAction|0x010D09F4
0x0094BF60|hkpBreakableConstraintData::hkpBreakableConstraintData|0x010D0A1C
0x0094C000|hkpBreakableConstraintData::hkpBreakableConstraintData|0x010D0A1C
0x0094C050|hkBaseObject::hkBaseObject|0x0102E388
0x0094CE10|hkpWheelConstraintData::hkpWheelConstraintData|0x010D0A64
0x0094E04C|bhkGenericConstraint::bhkGenericConstraint|0x010C9E5C
0x0094E480|bhkGenericConstraint::bhkGenericConstraint|0x010C9E5C
0x0094EDC0|hkpGenericConstraintData::hkpGenericConstraintData|0x010D0B9C
0x00951270|bhkConstraintChain::bhkConstraintChain|0x010CA14C
0x00951E50|hkpBallSocketChainData::hkpBallSocketChainData|0x010D0C8C
0x00951EA0|hkBaseObject::hkBaseObject|0x0102E388
0x009524D0|hkMoppBvTreeShapeBase::hkMoppBvTreeShapeBase|0x010D0D70
0x009529E0|hkScaledMoppBvTreeShape::hkScaledMoppBvTreeShape|0x010CA330
0x009540BC|hkpConvexTranslateShape::hkpConvexTranslateShape|0x010D0E5C
0x00954A40|hkpExtendedMeshShape::hkpExtendedMeshShape|0x010D0EA8
0x00954E40|hkpExtendedMeshShape::hkpExtendedMeshShape|0x010D0EA8
0x00954F2C|hkpShape::hkpShape|0x010305A8
0x00957A5C|hkBaseObject::hkBaseObject|0x0102E388
0x0095C110|hkBaseObject::hkBaseObject|0x0102E388
0x0095CAC9|hkSolverAllocator::hkSolverAllocator|0x010D1110
0x0095E2D0|hkFreeListAllocator::hkFreeListAllocator|0x010D1464
0x0095E600|hkBaseObject::hkBaseObject|0x0102E388
0x0095E850|hkOArchive::hkOArchive|0x010D14F8
0x0095F0A0|hkCommandRouter::hkCommandRouter|0x010D1548
0x0095F116|hkServerProcessHandler::hkServerProcessHandler|0x010D1558
0x0095F1E8|hkBaseObject::hkBaseObject|0x0102E388
0x009607B0|hkpWeldingViewer::hkpWeldingViewer|0x010D1604
0x00960F30|hkpWorldSnapshotViewer::hkpWorldSnapshotViewer|0x010D16F0
0x009612BA|hkpWorldMemoryViewer::hkpWorldMemoryViewer|0x010D1764
0x00961CC0|hkpVehicleViewer::hkpVehicleViewer|0x010D1854
0x00961D00|hkpVehicleViewer::hkpVehicleViewer|0x010D1804
0x0096291A|hkpSweptTransformDisplayViewer::hkpSweptTransformDisplayViewer|0x010D18BC
0x00962990|hkpEntityListener::hkpEntityListener|0x0102F13C
0x00962AF2|hkpSimulationIslandViewer::hkpSimulationIslandViewer|0x010D1A28
0x00962AF8|hkpSimulationIslandViewer::hkpSimulationIslandViewer|0x010D1A08
0x00962BB1|hkpSimulationIslandViewer::hkpSimulationIslandViewer|0x010D19F8
0x00962C04|hkpWorldPostSimulationListener::hkpWorldPostSimulationListener|0x010CCF7C
0x009638A4|hkpShapeDisplayViewer::hkpShapeDisplayViewer|0x010D1AA8
0x00964120|hkpShapeDisplayViewer::hkpShapeDisplayViewer|0x010D1AA8
0x009641F0|hkpEntityListener::hkpEntityListener|0x0102F13C
0x009644A6|hkpPhantomDisplayViewer::hkpPhantomDisplayViewer|0x010D1BBC
0x009645F0|hkpPhantomListener::hkpPhantomListener|0x0104E3D0
0x00964DB0|hkpMousePickingViewer::hkpMousePickingViewer|0x010D1CB4
0x00965210|hkpRigidBodyInertiaViewer::hkpRigidBodyInertiaViewer|0x010D1D80
0x00965250|hkpRigidBodyInertiaViewer::hkpRigidBodyInertiaViewer|0x010D1D24
0x00965260|hkpRigidBodyInertiaViewer::hkpRigidBodyInertiaViewer|0x010D1D80
0x00965270|hkpRigidBodyInertiaViewer::hkpRigidBodyInertiaViewer|0x010D1D50
0x00965280|hkpRigidBodyInertiaViewer::hkpRigidBodyInertiaViewer|0x010D1D24
0x00965F70|hkpToiCountViewer::hkpToiCountViewer|0x010D1DF0
0x00965FB0|hkpToiCountViewer::hkpToiCountViewer|0x010D1E6C
0x00965FC0|hkpToiCountViewer::hkpToiCountViewer|0x010D1E4C
0x00966080|hkpContactListener::hkpContactListener|0x0104DD7C
0x00966330|hkpToiContactPointViewer::hkpToiContactPointViewer|0x010D1EBC
0x00966370|hkpToiContactPointViewer::hkpToiContactPointViewer|0x010D1EEC
0x00966380|hkpToiContactPointViewer::hkpToiContactPointViewer|0x010D1EBC
0x009663F0|hkpContactListener::hkpContactListener|0x0104DD7C
0x009667B0|hkpInactiveContactPointViewer::hkpInactiveContactPointViewer|0x010D1F70
0x00966950|hkpActiveContactPointViewer::hkpActiveContactPointViewer|0x010D1FFC
0x00966BD0|hkpConvexRadiusViewer::hkpConvexRadiusViewer|0x010D20AC
0x00966BF0|hkpConvexRadiusViewer::hkpConvexRadiusViewer|0x010D209C
0x00967110|hkpConvexRadiusViewer::hkpConvexRadiusViewer|0x010D209C
0x00967150|hkpEntityListener::hkpEntityListener|0x0102F13C
0x009678E0|hkpConstraintViewer::hkpConstraintViewer|0x010D2194
0x00967930|hkpConstraintViewer::hkpConstraintViewer|0x010D21C4
0x00967960|hkpConstraintViewer::hkpConstraintViewer|0x010D2194
0x00968123|hkpRigidBodyCentreOfMassViewer::hkpRigidBodyCentreOfMassViewer|0x010D224C
0x00968130|hkpWorldPostSimulationListener::hkpWorldPostSimulationListener|0x010CCF7C
0x009681E0|hkpEntityListener::hkpEntityListener|0x0102F13C
0x009682A0|hkpMidphaseViewer::hkpMidphaseViewer|0x010D2330
0x009682D0|hkpMidphaseViewer::hkpMidphaseViewer|0x010D2300
0x00968770|hkpMidphaseViewer::hkpMidphaseViewer|0x010D2300
0x0096878C|hkpMidphaseViewer::hkpMidphaseViewer|0x010D22F0
0x00968800|hkpWorldPostSimulationListener::hkpWorldPostSimulationListener|0x010CCF7C
0x00968970|hkpBroadphaseViewer::hkpBroadphaseViewer|0x010D2384
0x00968E40|hkpConstraintInstance::hkpConstraintInstance|0x010CC040
0x0097182A|hkpConvexTranslateShape::hkpConvexTranslateShape|0x010D0E5C
0x009722B2|hkpConvexTranslateShape::hkpConvexTranslateShape|0x010D0E5C
0x009725D9|hkpConvexTranslateShape::hkpConvexTranslateShape|0x010D0E5C
0x009727F2|hkpConvexTranslateShape::hkpConvexTranslateShape|0x010D0E5C
0x00974980|hkgpConvexHull::hkgpConvexHull|0x010D36E0
0x009749C0|hkBaseObject::hkBaseObject|0x0102E388
0x00974D40|hkgpConvexHull::hkgpConvexHull|0x010D36E0
0x0097AF1A|hkBaseObject::hkBaseObject|0x0102E388
0x0097B270|hkBaseObject::hkBaseObject|0x0102E388
0x0097D880|hkgpAbstractMesh<hkgpConvexHullImpl::Edge>::Edge>|0x010D36CC
0x00985D40|hkpConstraintCollisionFilter::hkpConstraintCollisionFilter|0x010D3D28
0x00991186|hkpSimpleContactConstraintData::hkpSimpleContactConstraintData|0x010CC934
0x00995130|hkBaseObject::hkBaseObject|0x0102E388
0x00996520|hkKdTreeBundleCastCollector::hkKdTreeBundleCastCollector|0x010D4050
0x00998300|Collector@?$hkAabbTreeQueryUtils@UhkAabbTreeAabb@hkAabbTreeData::Collector@?$hkAabbTreeQueryUtils@UhkAabbTreeAabb@hkAabbTreeData|0x010CCFA0
0x0099A480|hkAabbTree<hkAabbTreeData::hkAabbTreeAabb16>::hkAabbTreeAabb16>|0x010D40AC
0x0099E860|hkBaseObject::hkBaseObject|0x0102E388
0x009A0600|hkBaseObject::hkBaseObject|0x0102E388
0x009A0BD0|hkStackTracer::hkStackTracer|0x010D4DE4
0x009A9FA9|hkpGskBaseAgent::hkpGskBaseAgent|0x010D51CC
0x009B6598|hkVersionPatchManager::hkVersionPatchManager|0x010D6138
0x009B6786|hkBaseObject::hkBaseObject|0x0102E388
0x009B95B4|hkDataClassNative::hkDataClassNative|0x010D62FC
0x009B9CCA|hkDataArrayNative::hkDataArrayNative|0x010D642C
0x009BA680|hkBinaryPackfileWriter::hkBinaryPackfileWriter|0x010D65BC
0x009BEDB0|`anonymous namespace'::hkNativeResource::hkNativeResource|0x010D6A94
0x009BF130|`anonymous namespace'::PackfileObjectCopier::PackfileObjectCopier|0x010D6ACC
0x009C5C80|hkDataObjectDict::hkDataObjectDict|0x010D6EE4
0x009C6100|hkBaseObject::hkBaseObject|0x0102E388
0x009C6E50|`anonymous namespace'::InternedStringRefCounted::InternedStringRefCounted|0x010D6DA0
0x009C7750|hkDataRefCounted::hkDataRefCounted|0x010D62F4
0x009C8030|hkDataRefCounted::hkDataRefCounted|0x010D62F4
0x009C8730|hkDataRefCounted::hkDataRefCounted|0x010D62F4
0x009C8870|hkDataRefCounted::hkDataRefCounted|0x010D62F4
0x009C8CA8|hkDataClassDict::hkDataClassDict|0x010D73C8
0x009C8F20|StructArrayImplementation::StructArrayImplementation|0x010D73FC
0x009CB340|hkpMeshShape::hkpMeshShape|0x010D7734
0x009CB550|hkpSaveContactPointsUtil::EntitySelector::EntitySelector|0x010D77B4
0x009CC9C0|hkpSaveContactPointsUtil::EntitySelector::EntitySelector|0x010D77B4
0x009CCD00|hkpPhysicsSystemWithContacts::hkpPhysicsSystemWithContacts|0x010D07F4
0x009CE7B0|hkpConstraintChainInstance::hkpConstraintChainInstance|0x010D79E8
0x009D3210|hkpMoppCostFunction::hkpMoppCostFunction|0x010D7BA8
0x009D32C6|hkpMoppShapeMediator::hkpMoppShapeMediator|0x010D7BB8
0x009D7160|hkIArchive::hkIArchive|0x010D7C80
0x009D71C0|hkIArchive::hkIArchive|0x010D7C80
0x009D7200|hkIArchive::hkIArchive|0x010D7C80
0x009D7240|hkBaseObject::hkBaseObject|0x0102E388
0x009D7480|hkProcessFactory::hkProcessFactory|0x010D7C90
0x009D7540|hkProcessFactory::hkProcessFactory|0x010D7C90
0x009D7650|hkBaseObject::hkBaseObject|0x0102E388
0x009D78F0|hkDebugDisplayHandler::hkDebugDisplayHandler|0x010D7CFC
0x009D7D00|hkServerDebugDisplayHandler::hkServerDebugDisplayHandler|0x010D7D54
0x009D8C20|hkDisplaySerializeIStream::hkDisplaySerializeIStream|0x010D7DC8
0x009D9F40|hkStatisticsProcess::hkStatisticsProcess|0x010D7E28
0x009DA0E0|hkStatisticsProcess::hkStatisticsProcess|0x010D7E28
0x009DA1A0|hkBaseObject::hkBaseObject|0x0102E388
0x009DAC60|hkpPhysicsContextWorldListener::hkpPhysicsContextWorldListener|0x010D7F04
0x009DAC80|hkpWorldViewerBase::hkpWorldViewerBase|0x010D7F14
0x009DACD0|hkProcess::hkProcess|0x010D1508
0x009DD2C0|hkStreamStatisticsCollector::hkStreamStatisticsCollector|0x010D8040
0x009DF240|hkBaseObject::hkBaseObject|0x0102E388
0x009ECDBA|hkBaseObject::hkBaseObject|0x0102E388
0x009ED256|hkBaseObject::hkBaseObject|0x0102E388
0x009ED4AE|hkpPairCollisionFilter::hkpPairCollisionFilter|0x010DA090
0x009F4871|hkBaseObject::hkBaseObject|0x0102E388
0x009F4E06|hkpBroadPhaseCastCollector::hkpBroadPhaseCastCollector|0x010C3BB8
0x009F56A0|hkpBroadPhaseCastCollector::hkpBroadPhaseCastCollector|0x010C3BB8
0x009F69B0|hkpRayHitCollector::hkpRayHitCollector|0x0101E594
0x009F766F|hkpBroadPhaseCastCollector::hkpBroadPhaseCastCollector|0x010C3BB8
0x009F9EF0|hkpVehicleInstance::hkpVehicleInstance|0x010DF34C
0x009FA22D|hkBaseObject::hkBaseObject|0x0102E388
0x009FA2D4|hkpTyremarksWheel::hkpTyremarksWheel|0x010E00CC
0x009FA312|hkBaseObject::hkBaseObject|0x0102E388
0x009FA940|hkpSimpleShapePhantom::hkpSimpleShapePhantom|0x010CE15C
0x009FB0B0|hkBaseObject::hkBaseObject|0x0102E388
0x009FB1A3|hkBaseObject::hkBaseObject|0x0102E388
0x009FB850|hkxNode::hkxNode|0x010E311C
0x009FBC10|hkBaseObject::hkBaseObject|0x0102E388
0x009FBCB0|hkBaseObject::hkBaseObject|0x0102E388
0x009FC050|hkBaseObject::hkBaseObject|0x0102E388
0x009FC570|hkBaseObject::hkBaseObject|0x0102E388
0x009FC5D0|hkaBoneAttachment::hkaBoneAttachment|0x010E587C
0x009FC650|hkBaseObject::hkBaseObject|0x0102E388
0x009FC940|hkBaseObject::hkBaseObject|0x0102E388
0x009FCA60|hkBaseObject::hkBaseObject|0x0102E388
0x009FCDA0|hkBaseObject::hkBaseObject|0x0102E388
0x009FCE70|hkBaseObject::hkBaseObject|0x0102E388
0x009FCFC0|hkpSpringAction::hkpSpringAction|0x010D08F4
0x009FD080|hkBaseObject::hkBaseObject|0x0102E388
0x009FD120|hkpReorientAction::hkpReorientAction|0x010E6834
0x009FD220|hkpPhysicsSystemWithContacts::hkpPhysicsSystemWithContacts|0x010D07F4
0x009FD2A0|hkpMouseSpringAction::hkpMouseSpringAction|0x010C8E94
0x009FD360|hkpMotorAction::hkpMotorAction|0x010D0944
0x009FD4D0|hkBaseObject::hkBaseObject|0x0102E388
0x009FD680|hkBaseObject::hkBaseObject|0x0102E388
0x009FD770|hkBaseObject::hkBaseObject|0x0102E388
0x009FD840|hkBaseObject::hkBaseObject|0x0102E388
0x009FDD50|hkBaseObject::hkBaseObject|0x0102E388
0x009FE080|hkBaseObject::hkBaseObject|0x0102E388
0x009FE1E0|hkpConstraintChainInstanceAction::hkpConstraintChainInstanceAction|0x010D79C4
0x009FE270|hkpConstraintInstance::hkpConstraintInstance|0x010CC040
0x009FE280|hkpConstraintChainInstance::hkpConstraintChainInstance|0x010D79E8
0x009FE410|hkpCachingShapePhantom::hkpCachingShapePhantom|0x010D087C
0x009FE590|hkpAabbPhantom::hkpAabbPhantom|0x010CC004
0x009FECB0|hkpFastMeshShape::hkpFastMeshShape|0x010E8AB0
0x009FECC0|hkpFastMeshShape::hkpFastMeshShape|0x010E8A90
0x009FEE90|hkBaseObject::hkBaseObject|0x0102E388
0x009FF620|hkBaseObject::hkBaseObject|0x0102E388
0x009FF730|hkxTextureInplace::hkxTextureInplace|0x010E9544
0x009FF810|hkxTextureFile::hkxTextureFile|0x010E95B4
0x009FF8B0|hkBaseObject::hkBaseObject|0x0102E388
0x009FFBD0|hkBaseObject::hkBaseObject|0x0102E388
0x009FFC50|hkxScene::hkxScene|0x010E99D8
0x009FFEC0|hkxMesh::UserChannelInfo::UserChannelInfo|0x010E9ACC
0x00A00081|hkBaseObject::hkBaseObject|0x0102E388
0x00A00160|hkxMaterialShader::hkxMaterialShader|0x010E9CCC
0x00A00230|hkBaseObject::hkBaseObject|0x0102E388
0x00A00330|hkBaseObject::hkBaseObject|0x0102E388
0x00A00430|hkBaseObject::hkBaseObject|0x0102E388
0x00A005F0|hkBaseObject::hkBaseObject|0x0102E388
0x00A006B0|hkBaseObject::hkBaseObject|0x0102E388
0x00A00C00|hkPlatformObjectWriter::hkPlatformObjectWriter|0x010EA370
0x00A00C80|hkPlatformObjectWriter::hkPlatformObjectWriter|0x010EA370
0x00A00CB2|hkBaseObject::hkBaseObject|0x0102E388
0x00A02F30|hkObjectResource::hkObjectResource|0x010EA4DC
0x00A03010|hkObjectResource::hkObjectResource|0x010EA4DC
0x00A03061|hkBaseObject::hkBaseObject|0x0102E388
0x00A03912|hkPackfileData::hkPackfileData|0x010EA51C
0x00A03940|hkBaseObject::hkBaseObject|0x0102E388
0x00A03C98|hkBaseObject::hkBaseObject|0x0102E388
0x00A03D4E|hkpSerializedAgentNnEntry::hkpSerializedAgentNnEntry|0x010D77D8
0x00A03E20|hkBaseObject::hkBaseObject|0x0102E388
0x00A04793|hkBaseObject::hkBaseObject|0x0102E388
0x00A07160|hkpMoppDefaultAssembler::hkpMoppDefaultAssembler|0x010EA5DC
0x00A07510|hkBaseObject::hkBaseObject|0x0102E388
0x00A08FDE|hkDisplaySphere::hkDisplaySphere|0x010EA630
0x00A0F49D|hkgpMesh::IConvexOverlap::IConvexShape::IConvexShape|0x010EACF4
0x00A16AB4|hkgpMesh::hkgpMesh|0x010EB000
0x00A16E08|hkBaseObject::hkBaseObject|0x0102E388
0x00A20474|hkGskShape::hkGskShape|0x010EADFC
0x00A20E81|Collector@?$hkAabbTreeQueryUtils@UhkAabbTreeAabb@hkAabbTreeData::Collector@?$hkAabbTreeQueryUtils@UhkAabbTreeAabb@hkAabbTreeData|0x010CD664
0x00A21950|Collector@?$hkAabbTreeQueryUtils@UhkAabbTreeAabb@hkAabbTreeData::Collector@?$hkAabbTreeQueryUtils@UhkAabbTreeAabb@hkAabbTreeData|0x010CD664
0x00A21B85|hkBaseObject::hkBaseObject|0x0102E388
0x00A22E34|hkBaseObject::hkBaseObject|0x0102E388
0x00A25E67|?$hkgpAbstractMesh@UEdge@?$hkgpTriangulatorType@UVertexBase@hkgpTriangulatorBase::?$hkgpAbstractMesh@UEdge@?$hkgpTriangulatorType@UVertexBase@hkgpTriangulatorBase|0x010EB088
0x00A25F00|hkBaseObject::hkBaseObject|0x0102E388
0x00A2BF05|hkResourceMap::hkResourceMap|0x010EB19C
0x00A2CC30|hkMemoryResourceContainer::hkMemoryResourceContainer|0x010EB2C4
0x00A2CD5E|hkBaseObject::hkBaseObject|0x0102E388
0x00A2D0D0|hkContainerResourceMap::hkContainerResourceMap|0x010EB308
0x00A2D440|hkResourceMap::hkResourceMap|0x010EB19C
0x00A2D550|hkaAnimation::hkaAnimation|0x010DDB3C
0x00A32AF0|hkBaseObject::hkBaseObject|0x0102E388
0x00A34BB0|hkpVehicleLinearCastWheelCollide::hkpVehicleLinearCastWheelCollide|0x010DEC3C
0x00A36B80|hkpVehicleInstance::hkpVehicleInstance|0x010DF34C
0x00A36C30|hkpVehicleInstance::hkpVehicleInstance|0x010DF34C
0x00A38310|hkpTyremarksInfo::hkpTyremarksInfo|0x010E00DC
0x00A38380|hkpTyremarksInfo::hkpTyremarksInfo|0x010E00DC
0x00A3874D|hkpPoweredChainMapper::hkpPoweredChainMapper|0x010E0654
0x00A38E60|hkpPoweredChainMapper::hkpPoweredChainMapper|0x010E0654
0x00A38FB0|hkBaseObject::hkBaseObject|0x0102E388
0x00A39030|hkpStiffSpringChainData::hkpStiffSpringChainData|0x010EB98C
0x00A39190|hkBaseObject::hkBaseObject|0x0102E388
0x00A39979|hkpPoweredChainData::hkpPoweredChainData|0x010EB9D4
0x00A399E1|hkpPoweredChainData::hkpPoweredChainData|0x010EB9D4
0x00A39A80|hkBaseObject::hkBaseObject|0x0102E388
0x00A3BD20|hkpCompressedMeshShape::hkpCompressedMeshShape|0x010EBA3C
0x00A3BFE1|hkBaseObject::hkBaseObject|0x0102E388
0x00A3C3B0|hkxVertexBuffer::hkxVertexBuffer|0x010EBA94
0x00A3C7BF|hkBaseObject::hkBaseObject|0x0102E388
0x00A3C9C0|hkxAttributeHolder::hkxAttributeHolder|0x010E310C
0x00A3CAD0|hkxAttributeHolder::hkxAttributeHolder|0x010E310C
0x00A3CB10|hkBaseObject::hkBaseObject|0x0102E388
0x00A3CE96|hkxNode::hkxNode|0x010E311C
0x00A3D200|hkxMaterial::hkxMaterial|0x010E33DC
0x00A3D8A2|hkBaseObject::hkBaseObject|0x0102E388
0x00A3E380|hkaInterleavedUncompressedAnimation::hkaInterleavedUncompressedAnimation|0x010E5474
0x00A3E840|hkaFootstepAnalysisInfo::hkaFootstepAnalysisInfo|0x010EBD64
0x00A3ED00|hkaFootstepAnalysisInfo::hkaFootstepAnalysisInfo|0x010EBD64
0x00A3EEC0|hkBaseObject::hkBaseObject|0x0102E388
0x00A3EFF0|hkaFootstepAnalysisInfoContainer::hkaFootstepAnalysisInfoContainer|0x010E56D4
0x00A3F0F0|hkBaseObject::hkBaseObject|0x0102E388
0x00A3FE44|hkaAnimationPreviewColorContainer::hkaAnimationPreviewColorContainer|0x010E58C8
0x00A3FF2C|hkBaseObject::hkBaseObject|0x0102E388
0x00A401D0|hkBaseObject::hkBaseObject|0x0102E388
0x00A407D0|hkBaseObject::hkBaseObject|0x0102E388
0x00A42550|hkpReorientAction::hkpReorientAction|0x010E6834
0x00A42FE0|hkpProjectileGun::hkpProjectileGun|0x010EBFB0
0x00A43060|hkpProjectileGun::hkpProjectileGun|0x010EBFB0
0x00A43547|hkpGroupCollisionFilter::hkpGroupCollisionFilter|0x010E6DE0
0x00A435A7|hkpGroupCollisionFilter::hkpGroupCollisionFilter|0x010E6DB4
0x00A44280|hkpGravityGun::hkpGravityGun|0x010EC090
0x00A446B1|hkpFirstPersonGun::hkpFirstPersonGun|0x010EC0E4
0x00A44990|hkpDisableEntityCollisionFilter::hkpDisableEntityCollisionFilter|0x010E76AC
0x00A44F60|hkpBallGun::hkpBallGun|0x010EC174
0x00A45010|hkpBallGun::hkpBallGun|0x010EC174
0x00A45040|hkpBallGun::hkpBallGun|0x010EC174
0x00A467D0|hkpMoppModifier::hkpMoppModifier|0x010E8894
0x00A46820|hkpRemoveTerminalsMoppModifier2::hkpRemoveTerminalsMoppModifier2|0x010EC1A4
0x00A46A30|hkpGroupFilter::hkpGroupFilter|0x010E8A34
0x00A46DF0|hkpFastMeshShape::hkpFastMeshShape|0x010E8A90
0x00A47224|hkBaseObject::hkBaseObject|0x0102E388
0x00A47A1D|hkpCompressedSampledHeightFieldShape::hkpCompressedSampledHeightFieldShape|0x010E901C
0x00A47E80|hkpCollisionFilterList::hkpCollisionFilterList|0x010E90B0
0x00A48030|hkpCollisionFilterList::hkpCollisionFilterList|0x010E90B0
0x00A48470|hkMemoryMeshShape::hkMemoryMeshShape|0x010E929C
0x00A48550|hkBaseObject::hkBaseObject|0x0102E388
0x00A486E0|hkxScene::hkxScene|0x010E99D8
0x00A487A0|hkxScene::hkxScene|0x010E99D8
0x00A48AB0|hkBaseObject::hkBaseObject|0x0102E388
0x00A48DB0|hkxMesh::hkxMesh|0x010EC1DC
0x00A48E80|hkBaseObject::hkBaseObject|0x0102E388
0x00A48FA0|hkAlignSceneToNodeOptions::hkAlignSceneToNodeOptions|0x010EC1FC
0x00A48FC0|hkBaseObject::hkBaseObject|0x0102E388
0x00A4C414|hkKdTreeBundleCastCollector::hkKdTreeBundleCastCollector|0x010D4050
0x00A5EEFB|hkBaseObject::hkBaseObject|0x0102E388
0x00A667F0|NiDX9SourceTextureData::NiDX9SourceTextureData|0x010ED37C
0x00A668A9|NiDX9SourceTextureData::NiDX9SourceTextureData|0x010ED37C
0x00A66F09|NiDX9SourceTextureData::NiDX9SourceTextureData|0x010ED37C
0x00A67124|NiDX9SourceTextureData::NiDX9SourceTextureData|0x010ED37C
0x00A6C926|NiTMapBase<NiTPointerAllocator<unsigned int> >::NiTMapBase<NiTPointerAllocator<unsigned int> >|0x010EDA24
0x00A6CA6C|NiTMapBase<NiTPointerAllocator<unsigned int> >::NiTMapBase<NiTPointerAllocator<unsigned int> >|0x010EDA64
0x00A6CB0D|NiTMapBase<NiTPointerAllocator<unsigned int> >::NiTMapBase<NiTPointerAllocator<unsigned int> >|0x010EDAA4
0x00A6CBD3|?$NiTMapBase@V?$DFALL@V?$NiTMapItem@W4_D3DFORMAT::?$NiTMapBase@V?$DFALL@V?$NiTMapItem@W4_D3DFORMAT|0x010EDAC4
0x00A6CCAD|?$NiTMapBase@V?$DFALL@V?$NiTMapItem@W4_D3DFORMAT::?$NiTMapBase@V?$DFALL@V?$NiTMapItem@W4_D3DFORMAT|0x010EDAC4
0x00A70EDF|NiTArray<bool (__cdecl*)(void *),NiTMallocInterface<bool (__cdecl*)(void *)> >::NiTArray<bool (__cdecl*)(void *),NiTMallocInterface<bool (__cdecl*)(void *)> >|0x010EDAF4
0x00A736B0|NiDX9Renderer::NiDX9Renderer|0x010EE4BC
0x00A73B47|NiDX9Renderer::NiDX9Renderer|0x010EE4BC
0x00A74840|NiDX9ShaderDeclaration::NiDX9ShaderDeclaration|0x010EE70C
0x00A76570|NiDX9ShaderDeclaration::NiDX9ShaderDeclaration|0x010EE70C
0x00A7687D|NiD3DShaderDeclaration::NiD3DShaderDeclaration|0x010EE7CC
0x00A76C30|NiD3DShaderDeclaration::NiD3DShaderDeclaration|0x010EE7CC
0x00A78710|?$NiTArray@P6AIAAVPackingParameters@NiD3DShaderDeclaration::?$NiTArray@P6AIAAVPackingParameters@NiD3DShaderDeclaration|0x010EE890
0x00A79160|NiTMapBase<NiTPointerAllocator<unsigned int> >::NiTMapBase<NiTPointerAllocator<unsigned int> >|0x010EEC54
0x00A79370|NiTPointerMap<enum _D3DFORMAT>::NiTPointerMap<enum _D3DFORMAT>|0x010EEC7C
0x00A79920|NiTPrimitiveArray<NiDX9AdapterDesc::ModeDesc *>::ModeDesc *>|0x010EEC9C
0x00A79CEF|NiTPrimitiveArray<NiDX9AdapterDesc *>::NiTPrimitiveArray<NiDX9AdapterDesc *>|0x010EECA4
0x00A7A610|NiD3DDefaultShader::NiD3DDefaultShader|0x010EECAC
0x00A7B200|NiDX92DBufferData::NiDX92DBufferData|0x010EEED4
0x00A7B230|NiRefObject::NiRefObject|0x0101DCE4
0x00A7B550|NiRefObject::NiRefObject|0x0101DCE4
0x00A7B7D0|NiDX9ImplicitBufferData::NiDX9ImplicitBufferData|0x010EF06C
0x00A7BB50|NiDX9AdditionalDepthStencilBufferData::NiDX9AdditionalDepthStencilBufferData|0x010EF184
0x00A7BBF0|NiDX9AdditionalDepthStencilBufferData::NiDX9AdditionalDepthStencilBufferData|0x010EF184
0x00A7BC90|NiRefObject::NiRefObject|0x0101DCE4
0x00A7DE90|?$NiTArray@V?$NiPointer@VNiD3DTextureStage::?$NiTArray@V?$NiPointer@VNiD3DTextureStage|0x010EF35C
0x00A7DEF0|NiD3DPass::NiD3DPass|0x010EF364
0x00A7E7A0|NiD3DShader::NiD3DShader|0x010EEDA4
0x00A7F900|NiD3DShaderInterface::NiD3DShaderInterface|0x010EF39C
0x00A7FA9A|NiD3DShaderInterface::NiD3DShaderInterface|0x010EF39C
0x00A7FAF5|NiD3DShaderInterface::NiD3DShaderInterface|0x010EF39C
0x00A7FC30|NiShaderConstantMapEntry::NiShaderConstantMapEntry|0x010EF4D8
0x00A7FC80|NiRefObject::NiRefObject|0x0101DCE4
0x00A85BC4|NiRefObject::NiRefObject|0x0101DCE4
0x00A867DB|NiD3DRenderState::NiD3DRenderState|0x010EF60C
0x00A86CA0|NiRefObject::NiRefObject|0x0101DCE4
0x00A86F5B|NiD3DGeometryGroupManager::NiD3DGeometryGroupManager|0x010EF718
0x00A87800|NiD3DShaderProgram::NiD3DShaderProgram|0x010EF73C
0x00A87980|NiD3DPixelShader::NiD3DPixelShader|0x010EF7D4
0x00A87C30|NiD3DVertexShader::NiD3DVertexShader|0x010EF87C
0x00A8834B|NiTexture::RendererData::RendererData|0x010A080C
0x00A889F7|NiDX9TextureData::NiDX9TextureData|0x010EFB7C
0x00A88A20|NiTexture::RendererData::RendererData|0x010A080C
0x00A88A60|NiDX9SourceCubeMapData::NiDX9SourceCubeMapData|0x010EFC34
0x00A89560|NiTMapBase<NiTPointerAllocator<unsigned int> >::NiTMapBase<NiTPointerAllocator<unsigned int> >|0x010EFDD8
0x00A89731|NiTMapBase<NiTPointerAllocator<unsigned int> >::NiTMapBase<NiTPointerAllocator<unsigned int> >|0x010EFDD8
0x00A89B10|NiTMapBase<NiTPointerAllocator<unsigned int> >::NiTMapBase<NiTPointerAllocator<unsigned int> >|0x010EFDD8
0x00A89B40|NiTPointerMap<NiLight *>::NiTPointerMap<NiLight *>|0x010EFDF8
0x00A8AEC1|NiTMapBase<NiTPointerAllocator<unsigned int> >::NiTMapBase<NiTPointerAllocator<unsigned int> >|0x010EFE54
0x00A8AED5|NiDX9VertexBufferManager::NiDX9VertexBufferManager|0x010EFE94
0x00A8B0C0|NiRefObject::NiRefObject|0x0101DCE4
0x00A8B130|NiTMapBase<NiTPointerAllocator<unsigned int> >::NiTMapBase<NiTPointerAllocator<unsigned int> >|0x010EFE54
0x00A8B170|NiTPointerMap<unsigned int,NiDX9VertexBufferManager::NiDX9VBInfo *>::NiDX9VBInfo *>|0x010EFE74
0x00A8B1F0|NiTPointerMap<unsigned int,NiDX9VertexBufferManager::NiDX9VBInfo *>::NiDX9VBInfo *>|0x010EFE74
0x00A8B490|NiShader::NiShaderInstanceDescriptor::NiShaderInstanceDescriptor|0x010EFEB4
0x00A8B5F0|NiShader::NiShaderInstanceDescriptor::NiShaderInstanceDescriptor|0x010EFEB4
0x00A8BD40|NiShader::NiShaderInstanceDescriptor::NiShaderInstanceDescriptor|0x010EFEB4
0x00A8C570|NiD3DGPUProgramCache::NiD3DGPUProgramCache|0x010F0094
0x00A8CBD0|NiRefObject::NiRefObject|0x0101DCE4
0x00A8CEB0|NiGeometryData::RendererData::RendererData|0x010F0170
0x00A8D12F|NiGeometryBufferData::NiGeometryBufferData|0x010F017C
0x00A8D164|NiGeometryData::RendererData::RendererData|0x010F0170
0x00A8D890|NiDX9IndexBufferManager::NiDX9IndexBufferManager|0x010F02F0
0x00A8DB7C|NiTPointerMap<unsigned int,NiDX9IndexBufferManager::NiDX9IBInfo *>::NiDX9IBInfo *>|0x010F02D0
0x00A8DBE0|NiTMapBase<NiTPointerAllocator<unsigned int> >::NiTMapBase<NiTPointerAllocator<unsigned int> >|0x010F02B0
0x00A8DC30|NiTPointerMap<unsigned int,NiDX9IndexBufferManager::NiDX9IBInfo *>::NiDX9IBInfo *>|0x010F02D0
0x00A8DDC5|NiDX9RenderedTextureData::NiDX9RenderedTextureData|0x010F02FC
0x00A8DDD8|NiDX9RenderedTextureData::NiDX9RenderedTextureData|0x010F02FC
0x00A8E1C0|NiDX9RenderedCubeMapData::NiDX9RenderedCubeMapData|0x010F049C
0x00A8E1D0|NiDX9RenderedCubeMapData::NiDX9RenderedCubeMapData|0x010F049C
0x00A8E330|NiDX9DynamicTextureData::NiDX9DynamicTextureData|0x010F05EC
0x00A8E899|NiDX9ErrorShader::NiDX9ErrorShader|0x010F0764
0x00A8EAD0|NiDX9TextureManager::NiDX9TextureManager|0x010F086C
0x00A8EB10|NiRefObject::NiRefObject|0x0101DCE4
0x00A8F6D0|NiDX9RenderState::NiDX9RenderState|0x010F088C
0x00A8F726|NiDX9PersistentSrcTextureRendererData::NiDX9PersistentSrcTextureRendererData|0x010F099C
0x00A8F800|NiDX9PersistentSrcTextureRendererData::NiDX9PersistentSrcTextureRendererData|0x010F099C
0x00A8FD60|NiD3DShaderProgramCreator::NiD3DShaderProgramCreator|0x010F0A68
0x00A90550|?$NiTStringTemplateMap@V?$NiTPointerMap@PBDPAVNiShader::?$NiTStringTemplateMap@V?$NiTPointerMap@PBDPAVNiShader|0x010F0C00
0x00A9074D|NiTMapBase<NiTPointerAllocator<unsigned int> >::NiTMapBase<NiTPointerAllocator<unsigned int> >|0x010F0C20
0x00A90D20|NiD3DShaderFactory::NiD3DShaderFactory|0x010F0CC4
0x00A90D80|NiTMapBase<NiTPointerAllocator<unsigned int> >::NiTMapBase<NiTPointerAllocator<unsigned int> >|0x010F0C20
0x00A90DB0|?$NiTStringPointerMap@V?$NiPointer@VNiShaderLibrary::?$NiTStringPointerMap@V?$NiPointer@VNiShaderLibrary|0x010F0CA0
0x00A90DD0|NiD3DShaderFactory::NiD3DShaderFactory|0x010F0CC4
0x00A91477|NiTMapBase<NiTPointerAllocator<unsigned int> >::NiTMapBase<NiTPointerAllocator<unsigned int> >|0x010F0DF0
0x00A91590|NiTPointerMap<char const *,NiD3DShaderProgramCreator *>::NiTPointerMap<char const *,NiD3DShaderProgramCreator *>|0x010F0ED0
0x00A915F0|NiTMapBase<NiTPointerAllocator<unsigned int> >::NiTMapBase<NiTPointerAllocator<unsigned int> >|0x010F0DF0
0x00A916D0|NiTMapBase<NiTPointerAllocator<unsigned int> >::NiTMapBase<NiTPointerAllocator<unsigned int> >|0x010F0E50
0x00A91730|NiTMapBase<NiTPointerAllocator<unsigned int> >::NiTMapBase<NiTPointerAllocator<unsigned int> >|0x010F0EB0
0x00A91AF0|NiD3DShaderProgramFactory::NiD3DShaderProgramFactory|0x010F0F70
0x00A91B40|NiTMapBase<NiTPointerAllocator<unsigned int> >::NiTMapBase<NiTPointerAllocator<unsigned int> >|0x010F0DF0
0x00A91B90|NiTMapBase<NiTPointerAllocator<unsigned int> >::NiTMapBase<NiTPointerAllocator<unsigned int> >|0x010F0E50
0x00A91DC0|NiTMapBase<NiTPointerAllocator<unsigned int> >::NiTMapBase<NiTPointerAllocator<unsigned int> >|0x010F0EB0
0x00A91E30|NiD3DShaderProgramFactory::NiD3DShaderProgramFactory|0x010F0F70
0x00A924D6|NiTArray<NiVBBlock *>::NiTArray<NiVBBlock *>|0x010F0F84
0x00A9256A|NiTPrimitiveArray<NiVBChip *>::NiTPrimitiveArray<NiVBChip *>|0x010F0F8C
0x00A92910|NiTMapBase<NiTPointerAllocator<unsigned int> >::NiTMapBase<NiTPointerAllocator<unsigned int> >|0x010F0F94
0x00A92DD4|NiUnsharedGeometryGroup::NiUnsharedGeometryGroup|0x010F1008
0x00A932F0|NiTMapBase<NiTPointerAllocator<unsigned int> >::NiTMapBase<NiTPointerAllocator<unsigned int> >|0x010F103C
0x00A933A8|NiTMapBase<NiTPointerAllocator<unsigned int> >::NiTMapBase<NiTPointerAllocator<unsigned int> >|0x010F105C
0x00A93790|NiTArray<NiVBDynamicSet *>::NiTArray<NiVBDynamicSet *>|0x010F1034
0x00A93820|NiTMapBase<NiTPointerAllocator<unsigned int> >::NiTMapBase<NiTPointerAllocator<unsigned int> >|0x010F105C
0x00A93850|NiTPrimitiveArray<NiVBDynamicSet *>::NiTPrimitiveArray<NiVBDynamicSet *>|0x010F10BC
0x00A938E0|NiDynamicGeometryGroup::NiDynamicGeometryGroup|0x010F10C4
0x00A93A9D|NiTArray<NiVBChip *>::NiTArray<NiVBChip *>|0x010F0F7C
0x00A93AB0|NiTArray<NiVBDynamicSet *>::NiTArray<NiVBDynamicSet *>|0x010F1034
0x00A93BB0|NiTMapBase<NiTPointerAllocator<unsigned int> >::NiTMapBase<NiTPointerAllocator<unsigned int> >|0x010F103C
0x00A94150|NiD3DHLSLPixelShader::NiD3DHLSLPixelShader|0x010F10F4
0x00A94650|NiD3DHLSLVertexShader::NiD3DHLSLVertexShader|0x010F119C
0x00A94810|NiD3DHLSLVertexShader::NiD3DHLSLVertexShader|0x010F119C
0x00A94CBB|NiD3DHLSLPixelShader::NiD3DHLSLPixelShader|0x010F10F4
0x00A957B0|NiDX9ShaderConstantManager::NiDX9ShaderConstantManager|0x010F1550
0x00A95880|NiDX9ShaderConstantManager::NiDX9ShaderConstantManager|0x010F1550
0x00A95AC2|NiD3DVertexShader::NiD3DVertexShader|0x010EF87C
0x00A96774|NiGeometryGroup::NiGeometryGroup|0x010F1644
0x00A967A7|NiGeometryGroup::NiGeometryGroup|0x010F1644
0x00A96936|NiD3DShaderConstantManager::NiD3DShaderConstantManager|0x010F16CC
0x00A969E6|NiD3DShaderConstantManager::NiD3DShaderConstantManager|0x010F16CC
0x00A96AC5|NiRefObject::NiRefObject|0x0101DCE4
0x00A96B66|NiTArray<NiPick::Record *>::Record *>|0x010F16DC
0x00A9C6F0|NiHalfSpaceBV::NiHalfSpaceBV|0x010F1728
0x00A9CD10|NiTArray<NiBoundingVolume *>::NiTArray<NiBoundingVolume *>|0x010F1770
0x00A9CDE0|NiUnionBV::NiUnionBV|0x010F1778
0x00A9CF50|NiTPrimitiveArray<NiBoundingVolume *>::NiTPrimitiveArray<NiBoundingVolume *>|0x010F17AC
0x00AAA3F6|NiBoundingVolume::NiBoundingVolume|0x010F16F4
0x00AAAD82|NiCollisionData::NiCollisionData|0x010F18BC
0x00AAC8EF|NiIntersector::NiIntersector|0x010F1A84
0x00AACE50|NiCapsuleCapsuleIntersector::NiCapsuleCapsuleIntersector|0x010F1ABC
0x00AB1789|NiCapsuleTriIntersector::NiCapsuleTriIntersector|0x010F1AD8
0x00AB18D7|NiBoxCapsuleIntersector::NiBoxCapsuleIntersector|0x010F1AF4
0x00AB1CC1|NiBoxSphereIntersector::NiBoxSphereIntersector|0x010F1B10
0x00AB3F74|NiOBBRoot::NiOBBRoot|0x010F1B44
0x00AB400C|NiOBBRoot::NiOBBRoot|0x010F1B44
0x00AB8250|NiOBBNode::NiOBBNode|0x010F1B58
0x00AC1680|std::locale::facet::facet|0x010A31FC
0x00AC1A90|basic_filebuf<char,std::char_traits<char> >::char_traits<char> >|0x010A3138
0x00AC1B80|basic_ios<char,std::char_traits<char> >::char_traits<char> >|0x010A2FA4
0x00ACC300|std::bad_exception::bad_exception|0x010F20A8
0x00ACC375|std::bad_exception::bad_exception|0x010F20A8
0x00ACCF7B|std::bad_exception::bad_exception|0x010F20A8
0x00AE635B|NiRenderedCubeMap::NiRenderedCubeMap|0x0110102C
0x00AE662D|NiRenderTargetGroup::NiRenderTargetGroup|0x011010EC
0x00AE6A37|NiSCMExtraData::NiSCMExtraData|0x0110129C
0x00AE7BD5|NiRefObject::NiRefObject|0x0101DCE4
0x00AE7F20|NiGPUProgramCache::NiGPUProgramDesc::NiGPUProgramDesc|0x010F0134
