# user dtors inferred from deleting-dtor first-call: 0xRVA|Class::~Class
0x000037F0|DebugTextExtraData::~DebugTextExtraData
0x00004A00|Setting::~Setting
0x0000ECB0|ExtraSpecialRenderFlags::~ExtraSpecialRenderFlags
0x0000ED30|ExtraCell3D::~ExtraCell3D
0x0000EE70|ExtraHavok::~ExtraHavok
0x0000F210|ExtraCellImpactSwap::~ExtraCellImpactSwap
0x0000F5F0|ExtraSeenData::~ExtraSeenData
0x000103B0|BaseExtraList::~BaseExtraList
0x00011EA0|ExtraSpecialRenderFlags::~ExtraSpecialRenderFlags
0x0001C690|ExtraEditorID::~ExtraEditorID
0x0001FB50|ExtraPrimitive::~ExtraPrimitive
0x00021160|ExtraCollisionData::~ExtraCollisionData
0x0002CB30|ExtraActorCause::~ExtraActorCause
0x0002CCA0|ExtraSpecialRenderFlags::~ExtraSpecialRenderFlags
0x0002E6D0|ExtraSpecialRenderFlags::~ExtraSpecialRenderFlags
0x00030120|ExtraAnim::~ExtraAnim
0x000302D0|ExtraDismemberedLimbs::~ExtraDismemberedLimbs
0x00030950|ExtraLight::~ExtraLight
0x00030CA0|ExtraLock::~ExtraLock
0x00030EA0|ExtraFollower::~ExtraFollower
0x00031260|ExtraTeleport::~ExtraTeleport
0x000313C0|ExtraMapMarker::~ExtraMapMarker
0x00031520|ExtraAudioMarker::~ExtraAudioMarker
0x00031680|ExtraAudioBuoyMarker::~ExtraAudioBuoyMarker
0x00031890|ExtraContainerChanges::~ExtraContainerChanges
0x000319B0|ExtraSpecialRenderFlags::~ExtraSpecialRenderFlags
0x00032040|ExtraScript::~ExtraScript
0x000323B0|ExtraInfoGeneralTopic::~ExtraInfoGeneralTopic
0x00032900|ExtraTresPassPackage::~ExtraTresPassPackage
0x00032B50|ExtraPlayerCrimeList::~ExtraPlayerCrimeList
0x00032C90|ExtraSpecialRenderFlags::~ExtraSpecialRenderFlags
0x00032D10|ExtraRagDollData::~ExtraRagDollData
0x00032F30|ExtraSpecialRenderFlags::~ExtraSpecialRenderFlags
0x000330E0|ExtraRunOncePacks::~ExtraRunOncePacks
0x00033440|ExtraEnableStateChildren::~ExtraEnableStateChildren
0x000335D0|ExtraLinkedRefChildren::~ExtraLinkedRefChildren
0x00033830|ExtraActivateRefChildren::~ExtraActivateRefChildren
0x00033970|ExtraActivateRef::~ExtraActivateRef
0x00034560|ExtraReflectedRefs::~ExtraReflectedRefs
0x00034950|ExtraWaterLightRefs::~ExtraWaterLightRefs
0x00034AF0|ExtraReflectorRefs::~ExtraReflectorRefs
0x00034DC0|ExtraLitWaterRefs::~ExtraLitWaterRefs
0x000352A0|ExtraLastFinishedSequence::~ExtraLastFinishedSequence
0x000353D0|ExtraSpecialRenderFlags::~ExtraSpecialRenderFlags
0x000354A0|ExtraSpecialRenderFlags::~ExtraSpecialRenderFlags
0x000355F0|ExtraMultiBoundData::~ExtraMultiBoundData
0x00035740|ExtraMultiBound::~ExtraMultiBound
0x000359F0|ExtraDroppedItemList::~ExtraDroppedItemList
0x00035F80|ExtraSpecialRenderFlags::~ExtraSpecialRenderFlags
0x00036180|ExtraSpecialRenderFlags::~ExtraSpecialRenderFlags
0x000362A0|ExtraSpecialRenderFlags::~ExtraSpecialRenderFlags
0x000363C0|ExtraSpecialRenderFlags::~ExtraSpecialRenderFlags
0x000364E0|ExtraSpecialRenderFlags::~ExtraSpecialRenderFlags
0x00036600|ExtraSpecialRenderFlags::~ExtraSpecialRenderFlags
0x00036720|ExtraSpecialRenderFlags::~ExtraSpecialRenderFlags
0x00036BB0|ExtraSpecialRenderFlags::~ExtraSpecialRenderFlags
0x00036D80|ExtraFactionChanges::~ExtraFactionChanges
0x000375C0|ExtraSayTopicInfoOnceADay::~ExtraSayTopicInfoOnceADay
0x000377F0|ExtraWaterZoneMap::~ExtraWaterZoneMap
0x00037A90|ExtraSpecialRenderFlags::~ExtraSpecialRenderFlags
0x00037D10|ExtraFollowerSwimBreadcrumbs::~ExtraFollowerSwimBreadcrumbs
0x000392C0|NiProperty::~NiProperty
0x00039320|NiAlphaProperty::~NiAlphaProperty
0x0003BF80|QueuedTexture::~QueuedTexture
0x0003C830|QueuedModel::~QueuedModel
0x0003D090|BSStream::~BSStream
0x0003D5B0|QueuedTreeBillboard::~QueuedTreeBillboard
0x0003D8F0|QueuedTreeModel::~QueuedTreeModel
0x0003DC50|QueuedReplacementKFList::~QueuedReplacementKFList
0x0003E1B0|QueuedReplacementKF::~QueuedReplacementKF
0x0003E630|QueuedAnimIdle::~QueuedAnimIdle
0x0003E920|QueuedReplacementKF::~QueuedReplacementKF
0x0003EBB0|QueuedHead::~QueuedHead
0x0003F080|QueuedHelmet::~QueuedHelmet
0x0003FE40|QueuedReference::~QueuedReference
0x00040640|IOTask::~IOTask
0x000406B0|AttachDistant3DTask::~AttachDistant3DTask
0x00040EB0|QueuedTree::~QueuedTree
0x00041980|QueuedCreature::~QueuedCreature
0x00041B80|QueuedPlayer::~QueuedPlayer
0x00042040|QueuedFaceGenFile::~QueuedFaceGenFile
0x000422C0|BackgroundCloneThread::~BackgroundCloneThread
0x0004A730|stdext::bad_alloc::~bad_alloc
0x0004B4B0|InterfacedClass::~InterfacedClass
0x00058F70|BSTempNode::~BSTempNode
0x0005D240|BlendSettingCollection::~BlendSettingCollection
0x0008A490|TESModelTextureSwap::~TESModelTextureSwap
0x0008EE70|AnimSequenceSingle::~AnimSequenceSingle
0x0008EF40|AnimSequenceBase::~AnimSequenceBase
0x0008F220|AnimSequenceMultiple::~AnimSequenceMultiple
0x00096910|NiRefObject::~NiRefObject
0x0009ED70|NiStencilProperty::~NiStencilProperty
0x000A0F60|BSCullingProcess::~BSCullingProcess
0x000A3AE0|hkpRayHitCollector::~hkpRayHitCollector
0x000A4BD0|BGSPrimitivePlane::~BGSPrimitivePlane
0x000B0220|NiPSysMeshUpdateModifier::~NiPSysMeshUpdateModifier
0x000B0480|BSAnimNoteReceiver::~BSAnimNoteReceiver
0x000B0530|IBSAnimNoteReceiver::~IBSAnimNoteReceiver
0x000B9E50|GridArray::~GridArray
0x000BA400|GridCellArray::~GridCellArray
0x000DEB10|BSCustomSplatterExtraData::~BSCustomSplatterExtraData
0x000EBA90|ImageSpaceEffectParam::~ImageSpaceEffectParam
0x000EE1E0|BGSDecalNode::~BGSDecalNode
0x000EEB00|BSAnimGroupSequence::~BSAnimGroupSequence
0x000F08C0|TESRegion::~TESRegion
0x000F14A0|TESRegionData::~TESRegionData
0x000F1730|TESRegionDataGrass::~TESRegionDataGrass
0x000F2930|TESRegionDataLandscape::~TESRegionDataLandscape
0x000F3DE0|TESRegionDataMap::~TESRegionDataMap
0x000F5920|TESRegionGrassObject::~TESRegionGrassObject
0x000F5E20|TESRegionGrassObjectList::~TESRegionGrassObjectList
0x000F64B0|TESRegionList::~TESRegionList
0x000F9270|BGSAddonNodeSoundHandleExtra::~BGSAddonNodeSoundHandleExtra
0x001050B0|TESCombatStyle::~TESCombatStyle
0x00105D20|TESEffectShader::~TESEffectShader
0x0010E9F0|TESBoundObject::~TESBoundObject
0x0010F740|TESBoundAnimObject::~TESBoundAnimObject
0x0010F7F0|TESBoundTreeObject::~TESBoundTreeObject
0x0010F930|TESObject::~TESObject
0x0011B950|BGSTextureModel::~BGSTextureModel
0x0011CFE0|NiBillboardNode::~NiBillboardNode
0x0011D1C0|BSShaderTextureSet::~BSShaderTextureSet
0x00125CE0|BGSEncounterZone::~BGSEncounterZone
0x001266F0|BGSLightingTemplate::~BGSLightingTemplate
0x00127C70|ExteriorCellLoaderTask::~ExteriorCellLoaderTask
0x001295C0|ImageSpaceModifierInstance::~ImageSpaceModifierInstance
0x00129690|ImageSpaceModifierInstanceForm::~ImageSpaceModifierInstanceForm
0x0012A040|ImageSpaceModifierInstanceTemp::~ImageSpaceModifierInstanceTemp
0x0012A650|ImageSpaceModifierInstanceDOF::~ImageSpaceModifierInstanceDOF
0x0012AB80|TESClimate::~TESClimate
0x0012B3B0|TESImageSpace::~TESImageSpace
0x0012BBD0|TESImageSpaceModifier::~TESImageSpaceModifier
0x00137D40|BSPackedAdditionalGeometryData::~BSPackedAdditionalGeometryData
0x00138E10|hkpSphereTriangleAgent::~hkpSphereTriangleAgent
0x00138E30|hkBaseObject::~hkBaseObject
0x0013A000|NiBinaryExtraData::~NiBinaryExtraData
0x00140800|NiAdditionalGeometryData::~NiAdditionalGeometryData
0x0014AB60|CheckWithinMultiBoundTask::~CheckWithinMultiBoundTask
0x00153540|bhkWorldCinfo::~bhkWorldCinfo
0x001545B0|TESWindListener::~TESWindListener
0x001545D0|bhkArrowTargetListener::~bhkArrowTargetListener
0x00154650|hkpEntityListener::~hkpEntityListener
0x0016D6C0|hkpShape::~hkpShape
0x0016D710|hkpSphereTriangleAgent::~hkpSphereTriangleAgent
0x0016D7C0|bhkWaterPhantomCallbackShape::~bhkWaterPhantomCallbackShape
0x0017A8D0|ExtraAnimNoteReceiver::~ExtraAnimNoteReceiver
0x00189960|BGSAcousticSpace::~BGSAcousticSpace
0x0018A450|BGSCameraPath::~BGSCameraPath
0x0018B450|NiFormArray::~NiFormArray
0x0018D820|BGSDefaultObjectManager::~BGSDefaultObjectManager
0x0019CEE0|hkpRayHitCollector::~hkpRayHitCollector
0x0019CF00|hkpRayHitCollector::~hkpRayHitCollector
0x001A63F0|TESGlobal::~TESGlobal
0x001E6470|BGSEntryPointFunctionData::~BGSEntryPointFunctionData
0x001E6490|BGSEntryPointFunctionData::~BGSEntryPointFunctionData
0x001E6600|BGSEntryPointFunctionDataActivateChoice::~BGSEntryPointFunctionDataActivateChoice
0x001E9590|BGSPerkEntry::~BGSPerkEntry
0x001E9860|BGSQuestPerkEntry::~BGSQuestPerkEntry
0x001EA000|BGSEntryPointPerkEntry::~BGSEntryPointPerkEntry
0x001EC140|BGSQuestObjective::~BGSQuestObjective
0x001F00D0|BGSVoiceType::~BGSVoiceType
0x001F22D0|TESAnimGroup::~TESAnimGroup
0x00218920|NiTLargeArray<TESTopicInfo *,NiTMallocInterface<TESTopicInfo *> >::~NiTLargeArray
0x0021F5D0|BGSAcousticSpaceListener::~BGSAcousticSpaceListener
0x00220110|BGSZoneTargetListener::~BGSZoneTargetListener
0x002211B0|hkpAllCdPointCollector::~hkpAllCdPointCollector
0x00221DC0|CellMopp::~CellMopp
0x002234D0|bhkContactListener::~bhkContactListener
0x002234F0|hkpContactListener::~hkpContactListener
0x002235C0|FOCollisionListener::~FOCollisionListener
0x00224210|hkpIslandActivationListener::~hkpIslandActivationListener
0x00225B40|HavokError::~HavokError
0x00226060|HavokFileStreambufReader::~HavokFileStreambufReader
0x00226280|HavokFileStreambufWriter::~HavokFileStreambufWriter
0x002270F0|LoadedAreaBound::~LoadedAreaBound
0x0022D420|hkpCdBodyPairCollector::~hkpCdBodyPairCollector
0x0022D740|hkpPhantomListener::~hkpPhantomListener
0x0022D8A0|TESTrapListener::~TESTrapListener
0x00233190|Atmosphere::~Atmosphere
0x00233E30|Clouds::~Clouds
0x00234CE0|Moon::~Moon
0x00236B20|Precipitation::~Precipitation
0x0023A0B0|Sky::~Sky
0x0023F8D0|SkyObject::~SkyObject
0x0023FD20|Stars::~Stars
0x002406A0|Sun::~Sun
0x00249CE0|BSFaceGenAnimationData::~BSFaceGenAnimationData
0x0024CE20|BSFaceGenImage::~BSFaceGenImage
0x0024EAE0|BSFaceGenKeyframe::~BSFaceGenKeyframe
0x0024FE10|BSFaceGenModelMap::~BSFaceGenModelMap
0x00259B50|BSFaceGenModel::~BSFaceGenModel
0x0025BF20|BSFaceGenModelExtraData::~BSFaceGenModelExtraData
0x002606E0|BSFaceGenMorph::~BSFaceGenMorph
0x00260820|BSFaceGenMorphDifferential::~BSFaceGenMorphDifferential
0x00260A50|BSFaceGenMorphStatistical::~BSFaceGenMorphStatistical
0x00261D40|BSFaceGenMorphData::~BSFaceGenMorphData
0x00261DE0|BSFaceGenMorphDataHead::~BSFaceGenMorphDataHead
0x002623D0|BSFaceGenMorphDataHair::~BSFaceGenMorphDataHair
0x00262720|BSFaceGenBaseMorphExtraData::~BSFaceGenBaseMorphExtraData
0x00262B00|BSFaceGenNiNode::~BSFaceGenNiNode
0x00266800|BSTreeModel::~BSTreeModel
0x0026B6C0|BSTreeNode::~BSTreeNode
0x0026D410|bhkCollisionObject::~bhkCollisionObject
0x0026D470|bhkSPCollisionObject::~bhkSPCollisionObject
0x002708B0|TESPackage::~TESPackage
0x0027AD70|TESPackageData::~TESPackageData
0x0027ADC0|TESAmbushPackageData::~TESAmbushPackageData
0x0027B280|TESDialoguePackageData::~TESDialoguePackageData
0x0027B9B0|TESEatPackageData::~TESEatPackageData
0x0027BCA0|TESEscortPackageData::~TESEscortPackageData
0x0027C080|TESFollowPackageData::~TESFollowPackageData
0x0027C490|TESPatrolPackageData::~TESPatrolPackageData
0x0027C7D0|TESUseItemPackageData::~TESUseItemPackageData
0x0027CCD0|TESUseWeaponPackageData::~TESUseWeaponPackageData
0x0027D970|ActorPackageData::~ActorPackageData
0x0027D9C0|UseWeaponActorPackageData::~UseWeaponActorPackageData
0x002824C0|NiTask::~NiTask
0x00282860|BSTempEffect::~BSTempEffect
0x00282F40|BSTempEffectDebris::~BSTempEffectDebris
0x00288610|BSDismemberSkinInstance::~BSDismemberSkinInstance
0x00288770|BSTempEffectGeometryDecal::~BSTempEffectGeometryDecal
0x00289720|BSTempEffectParticle::~BSTempEffectParticle
0x0028B080|BSTempEffectSimpleDecal::~BSTempEffectSimpleDecal
0x0029E200|NavMeshPOVSearch::~NavMeshPOVSearch
0x002A8B40|AStarSearch<NavMeshSearchNode,NavMeshSearchLink>::~AStarSearch
0x002A92C0|AStarSearch<NavMeshSearchNode,NavMeshSearchLink>::~AStarSearch
0x002A9D60|NavMeshSearchHide::~NavMeshSearchHide
0x002AA710|NavMeshSearchLOS::~NavMeshSearchLOS
0x002AB480|NavMeshSearchMaxCost::~NavMeshSearchMaxCost
0x002AC1B0|NavMeshSearchSLPoint::~NavMeshSearchSLPoint
0x002AD690|PathSmootherPOVSearch::~PathSmootherPOVSearch
0x002B8420|NavMeshInfoSearch::~NavMeshInfoSearch
0x002C24D0|ObstacleData::~ObstacleData
0x002DAD70|PathingRequestClosePoint::~PathingRequestClosePoint
0x002E1470|PathingLOSMap::~PathingLOSMap
0x002E2620|PathingRequest::~PathingRequest
0x002E4BF0|PathingRequestCoveredMove::~PathingRequestCoveredMove
0x002E55E0|PathingRequestHide::~PathingRequestHide
0x002E58D0|PathingRequestLOS::~PathingRequestLOS
0x002E62B0|PathingSearchRayCast::~PathingSearchRayCast
0x002E7720|PathingSolution::~PathingSolution
0x002E9E20|PathingTaskData::~PathingTaskData
0x002F3460|TeleportDoorSearch::~TeleportDoorSearch
0x002F6FE0|BGSDistantObjectBlockLoadTask::~BGSDistantObjectBlockLoadTask
0x002F94A0|BGSDistantTreeBlockLoadTask::~BGSDistantTreeBlockLoadTask
0x002FBB10|BGSTerrainChunkLoadTask::~BGSTerrainChunkLoadTask
0x003060D0|FORenderedTerminal::~FORenderedTerminal
0x003099B0|TileRect::~TileRect
0x0030B6C0|TileImage::~TileImage
0x0031F700|StatsMenu::~StatsMenu
0x00326F50|RecipeMenu::~RecipeMenu
0x0033BBA0|CaravanMenu::~CaravanMenu
0x003533B0|CharGenMenu::~CharGenMenu
0x00354C60|CompanionWheelMenu::~CompanionWheelMenu
0x00357A50|ComputersMenu::~ComputersMenu
0x0035B270|ContainerMenu::~ContainerMenu
0x0035F200|CreditsMenu::~CreditsMenu
0x00361960|DialogMenu::~DialogMenu
0x003658E0|HackingMenu::~HackingMenu
0x0036BE30|HUDMainMenu::~HUDMainMenu
0x0037FB80|InventoryMenu::~InventoryMenu
0x00383650|ItemModMenu::~ItemModMenu
0x00384BF0|LevelUpMenu::~LevelUpMenu
0x003887A0|LoadingMenu::~LoadingMenu
0x0038D420|LoadingMenuThread::~LoadingMenuThread
0x00396A80|MapMenu::~MapMenu
0x003A8B10|MessageMenu::~MessageMenu
0x003AB7A0|PlayerNameEntryMenu::~PlayerNameEntryMenu
0x003B5770|RepairMenu::~RepairMenu
0x003C0870|SlotMachineMenu::~SlotMachineMenu
0x003CB5B0|StartMenu::~StartMenu
0x003E6910|TraitMenu::~TraitMenu
0x003F7CE0|FOPipboyManager::~FOPipboyManager
0x003FAD10|FORenderedMenu::~FORenderedMenu
0x003FED10|FORenderedMenuRaceSex::~FORenderedMenuRaceSex
0x00402E20|AbsorbEffect::~AbsorbEffect
0x00403ED0|ActiveEffect::~ActiveEffect
0x00407EE0|BoundItemEffect::~BoundItemEffect
0x0040CD90|DetectLifeEffect::~DetectLifeEffect
0x0040D210|DisintegrateArmorEffect::~DisintegrateArmorEffect
0x0040D930|AssociatedItemEffect::~AssociatedItemEffect
0x0040E6D0|LightEffect::~LightEffect
0x0041B7B0|MagicHitEffect::~MagicHitEffect
0x0041C810|MagicModelHitEffect::~MagicModelHitEffect
0x0041F770|MagicShaderHitEffect::~MagicShaderHitEffect
0x00425740|CalmEffect::~CalmEffect
0x004277F0|ScriptEffect::~ScriptEffect
0x0042A540|TelekinesisEffect::~TelekinesisEffect
0x004372C0|RadioConvTask::~RadioConvTask
0x004413A0|BGSReconstructCellsMap::~BGSReconstructCellsMap
0x00441720|BGSReconstructCellSubBlocksMap::~BGSReconstructCellSubBlocksMap
0x00441A60|BGSReconstructCellBlocksMap::~BGSReconstructCellBlocksMap
0x00441F00|BGSReconstructWorldSpacesMap::~BGSReconstructWorldSpacesMap
0x004421F0|BGSReconstructFormsInFileMap::~BGSReconstructFormsInFileMap
0x00443220|BGSOffsetDataArray::~BGSOffsetDataArray
0x004538B0|BGSSaveLoadStatsMap::~BGSSaveLoadStatsMap
0x00455310|InteriorCellNewReferencesMap::~InteriorCellNewReferencesMap
0x00455440|ExteriorCellNewReferencesMap::~ExteriorCellNewReferencesMap
0x004555B0|NumericIDBufferMap::~NumericIDBufferMap
0x0045FBB0|SaveGameFile::~SaveGameFile
0x00467180|BGSMoviePlayer::~BGSMoviePlayer
0x00472F30|BSFadeNodeCuller::~BSFadeNodeCuller
0x00477A10|BlendSettingCollection::~BlendSettingCollection
0x00478430|IMemoryManagerFile::~IMemoryManagerFile
0x00478690|SceneGraph::~SceneGraph
0x004799A0|SeenData::~SeenData
0x0047A170|IntSeenData::~IntSeenData
0x004C77C0|AILinearTaskThread::~AILinearTaskThread
0x004C7860|AILinearTaskThread::~AILinearTaskThread
0x004C8430|DetectionTaskData::~DetectionTaskData
0x004C8890|AnimationTaskData::~AnimationTaskData
0x004C8A00|ActorUpdateTaskData::~ActorUpdateTaskData
0x004C8B50|PackageUpdateTaskData::~PackageUpdateTaskData
0x004C9080|ActorsScriptTaskData::~ActorsScriptTaskData
0x004C91D0|MovementTaskData::~MovementTaskData
0x004C9EF0|AILinearTaskThread::~AILinearTaskThread
0x004D0640|BaseProcess::~BaseProcess
0x004D1650|BSPlayerDistanceCheckController::~BSPlayerDistanceCheckController
0x004D98E0|HighProcess::~HighProcess
0x00505C30|SkyTask::~SkyTask
0x00506FE0|LowProcess::~LowProcess
0x00514610|MiddleHighProcess::~MiddleHighProcess
0x0052CA00|MiddleLowProcess::~MiddleLowProcess
0x00536FB0|hkpListAgent::~hkpListAgent
0x005370B0|hkpMultiRayConvexAgent::~hkpMultiRayConvexAgent
0x005376E0|BSSimpleArray<bhkUtilFunctions::AVLevel,1024>::~AVLevel,1024>
0x00579BD0|hkgpAbstractMesh<hkgpConvexHullImpl::Edge,hkgpConvexHullImpl::Vertex,hkgpConvexHullImpl::Triangle,hkContainerHeapAllocator>::~Triangle,hkContainerHeapAllocator>
0x0057D770|CombatController::~CombatController
0x00583130|CombatCoverMap::~CombatCoverMap
0x005938B0|NiTMapBase<DFALL<NiTMapItem<unsigned int,BSSimpleArray<unsigned int,1024> *> >,unsigned int,BSSimpleArray<unsigned int,1024> *>::~NiTMapBase
0x005A3EF0|CombatTargetMap::~CombatTargetMap
0x005AFC10|hkpFixedBufferCdPointCollector::~hkpFixedBufferCdPointCollector
0x005BA5F0|hkPrismaticConstraintCinfo::~hkPrismaticConstraintCinfo
0x005BA610|hkPrismaticConstraintCinfo::~hkPrismaticConstraintCinfo
0x005CA6C0|CombatProcedure::~CombatProcedure
0x005CA740|CombatProcedureActivateObject::~CombatProcedureActivateObject
0x005CAFA0|CombatProcedureAttackGrenade::~CombatProcedureAttackGrenade
0x005CBB50|CombatProcedureAttackLow::~CombatProcedureAttackLow
0x005CC220|CombatProcedureAttackMelee::~CombatProcedureAttackMelee
0x005D0980|CombatProcedureAttackRanged::~CombatProcedureAttackRanged
0x005D2550|CombatProcedureBeInCover::~CombatProcedureBeInCover
0x005D3B30|CombatProcedureEngageTarget::~CombatProcedureEngageTarget
0x005D5B40|CombatProcedureEvade::~CombatProcedureEvade
0x005D6120|CombatProcedureHideFromTarget::~CombatProcedureHideFromTarget
0x005D6BA0|CombatProcedureMove::~CombatProcedureMove
0x005D8C40|CombatProcedureSearch::~CombatProcedureSearch
0x005DA7A0|CombatProcedureSwitchWeapon::~CombatProcedureSwitchWeapon
0x005DAA90|CombatProcedureUseCombatItem::~CombatProcedureUseCombatItem
0x005DAEF0|ActorMover::~ActorMover
0x005DFED0|ActorPathHandler::~ActorPathHandler
0x005E03E0|DetailedActorPathHandler::~DetailedActorPathHandler
0x005E9E30|PlayerMover::~PlayerMover
0x005EA7C0|VirtualActorPathHandler::~VirtualActorPathHandler
0x005EC700|AlarmPackage::~AlarmPackage
0x005ED330|BackUpPackage::~BackUpPackage
0x005EDF40|DialoguePackage::~DialoguePackage
0x005F09B0|EscortActorPackageData::~EscortActorPackageData
0x005F10C0|FleePackage::~FleePackage
0x005F2830|ActorPackageData::~ActorPackageData
0x005F2A70|PatrolActorPackageData::~PatrolActorPackageData
0x005F3A70|SandBoxActorPackageData::~SandBoxActorPackageData
0x005F67B0|SearchPackage::~SearchPackage
0x005F7410|SpectatorPackage::~SpectatorPackage
0x005F9450|TrespassPackage::~TrespassPackage
0x005FF340|Tile::~Tile
0x0061C520|Menu::~Menu
0x0061EFF0|TileMenu::~TileMenu
0x00620650|Tile3D::~Tile3D
0x00621690|RadialTile::~RadialTile
0x0062EBB0|NiControllerManager::~NiControllerManager
0x0062FB70|NiMultiTargetTransformController::~NiMultiTargetTransformController
0x00635640|NiControllerSequence::~NiControllerSequence
0x00635960|BSMultiTargetTreadTransfController::~BSMultiTargetTreadTransfController
0x00637170|NiBlendTransformInterpolator::~NiBlendTransformInterpolator
0x00639290|NiBlendAccumTransformInterpolator::~NiBlendAccumTransformInterpolator
0x0063AF10|NiGeomMorpherController::~NiGeomMorpherController
0x0063CC80|NiFloatData::~NiFloatData
0x0063D120|NiColorData::~NiColorData
0x0063DD40|NiPathInterpolator::~NiPathInterpolator
0x00641660|NiMorphData::~NiMorphData
0x00642F80|BSBlendTreadTransfInterpolator::~BSBlendTreadTransfInterpolator
0x00643840|BSTreadTransfInterpolator::~BSTreadTransfInterpolator
0x00644830|BSLookIKNote::~BSLookIKNote
0x00644970|BSAnimNotes::~BSAnimNotes
0x00645020|NiUVData::~NiUVData
0x00645B60|NiUVController::~NiUVController
0x00646D50|NiTextKeyExtraData::~NiTextKeyExtraData
0x00647600|NiPSysMeshEmitter::~NiPSysMeshEmitter
0x006478F0|NiSequence::~NiSequence
0x00648FB0|NiPosData::~NiPosData
0x00649D60|NiPathController::~NiPathController
0x0064BE20|NiLookAtInterpolator::~NiLookAtInterpolator
0x0064D660|NiKeyframeManager::~NiKeyframeManager
0x0064E270|NiTransformData::~NiTransformData
0x0064F570|NiFlipController::~NiFlipController
0x00655190|NiBoneLODController::~NiBoneLODController
0x006572D0|NiFloatExtraDataController::~NiFloatExtraDataController
0x00657990|NiFloatController::~NiFloatController
0x00657F80|NiBSplineCompTransformInterpolator::~NiBSplineCompTransformInterpolator
0x0065A390|NiCamera::~NiCamera
0x0065BFA0|NiObjectNET::~NiObjectNET
0x0065C240|NiMaterialProperty::~NiMaterialProperty
0x0065D3D0|BSMultiBoundShape::~BSMultiBoundShape
0x0065E930|NiNode::~NiNode
0x0065F800|NiTexture::~NiTexture
0x0065FCA0|NiSourceTexture::~NiSourceTexture
0x00662B60|NiRenderer::~NiRenderer
0x00665300|NiStream::~NiStream
0x00667C70|NiGeometryData::~NiGeometryData
0x00668E30|NiDynamicEffect::~NiDynamicEffect
0x00669030|NiLight::~NiLight
0x0066A0B0|NiTexturingProperty::~NiTexturingProperty
0x0066D290|NiPSysUpdateCtlr::~NiPSysUpdateCtlr
0x00672010|NiDirectionalLight::~NiDirectionalLight
0x00676040|NiTriStripsData::~NiTriStripsData
0x0067AFF0|NiDevImageConverter::~NiDevImageConverter
0x0067B300|NiIntegerExtraData::~NiIntegerExtraData
0x0067B8C0|NiTriShapeData::~NiTriShapeData
0x0067C390|NiPixelData::~NiPixelData
0x00680580|NiLines::~NiLines
0x006824D0|NiSkinPartition::~NiSkinPartition
0x00684CA0|NiSkinData::~NiSkinData
0x00685580|NiSkinInstance::~NiSkinInstance
0x00689760|NiTriShape::~NiTriShape
0x0068F1C0|NiDepthStencilBuffer::~NiDepthStencilBuffer
0x0068F490|NiD3DShaderInterface::~NiD3DShaderInterface
0x0068FDB0|NiSingleShaderMaterialLibrary::~NiSingleShaderMaterialLibrary
0x006911D0|NiScreenGeometryData::~NiScreenGeometryData
0x006915D0|NiScreenSpaceCamera::~NiScreenSpaceCamera
0x00693750|NiSwitchStringExtraData::~NiSwitchStringExtraData
0x00694830|NiStringsExtraData::~NiStringsExtraData
0x00695590|NiScreenTexture::~NiScreenTexture
0x006963F0|NiTArray<NiPick::Record *,NiTMallocInterface<NiPick::Record *> >::~Record *> >
0x00696800|NiParticlesData::~NiParticlesData
0x00698240|NiPersistentSrcTextureRendererData::~NiPersistentSrcTextureRendererData
0x00698B90|NiParticleMeshesData::~NiParticleMeshesData
0x00699470|NiLODNode::~NiLODNode
0x006A01F0|NiDefaultAVObjectPalette::~NiDefaultAVObjectPalette
0x006A05A0|NiShaderFactory::~NiShaderFactory
0x006A0DC0|NiAlphaAccumulator::~NiAlphaAccumulator
0x006A10F0|NiScreenElementsData::~NiScreenElementsData
0x006A13E0|NiVectorExtraData::~NiVectorExtraData
0x006A1460|NiParticleSystem::~NiParticleSystem
0x006A15A0|NiFile::~NiFile
0x006A24F0|BSSearchPath::~BSSearchPath
0x006A4060|BSNiAllocator::~BSNiAllocator
0x006A4C80|BSCoreMessage::~BSCoreMessage
0x006A63C0|BSThread::~BSThread
0x006A74C0|ZeroOverheadHeap::~ZeroOverheadHeap
0x006A7930|MemoryHeap::~MemoryHeap
0x006A8DA0|AbstractHeap::~AbstractHeap
0x006AAA80|FutBinaryFileC::~FutBinaryFileC
0x006C5C00|BSFaceGenBinaryFile::~BSFaceGenBinaryFile
0x006D7000|BSAudio::~BSAudio
0x006D93F0|BSAudioManager::~BSAudioManager
0x006E7020|AudioLoadTask::~AudioLoadTask
0x006E78A0|BSAudioManagerThread::~BSAudioManagerThread
0x006E93F0|BSGameSound::~BSGameSound
0x006F2F20|BSSaveDataSystemUtility::~BSSaveDataSystemUtility
0x006F3120|BSSystemUtility::~BSSystemUtility
0x006F3420|BSMsgDialogSystemUtility::~BSMsgDialogSystemUtility
0x006F35C0|BSSystemUtilitiesStrings::~BSSystemUtilitiesStrings
0x006F3900|BSCacheDriveSystemUtility::~BSCacheDriveSystemUtility
0x006F39C0|BSGameDataSystemUtility::~BSGameDataSystemUtility
0x006F3A80|BSDiscBootSystemUtility::~BSDiscBootSystemUtility
0x006F3B50|BSSysInfoSystemUtility::~BSSysInfoSystemUtility
0x006FB520|ArchiveFile::~ArchiveFile
0x006FBFE0|CompressedArchiveFile::~CompressedArchiveFile
0x00701020|BSFileCache::~BSFileCache
0x0073F0A0|CIdvCamera::~CIdvCamera
0x007436B0|PosGen::~PosGen
0x00743CA0|Normal::~Normal
0x00825EF0|BSStripPSysData::~BSStripPSysData
0x008309D0|NiMeshPSysData::~NiMeshPSysData
0x008312A0|NiPSysModifierActiveCtlr::~NiPSysModifierActiveCtlr
0x00831750|BSWindModifier::~BSWindModifier
0x00835EB0|BSMultiBound::~BSMultiBound
0x00839770|BSMultiBoundRoom::~BSMultiBoundRoom
0x0083BAB0|BSNodeReferences::~BSNodeReferences
0x0083BDA0|MessageHandler::~MessageHandler
0x0083C520|QueuedChildren::~QueuedChildren
0x0083C570|QueuedParents::~QueuedParents
0x0083C620|QueuedFile::~QueuedFile
0x0083CEA0|QueuedFileEntry::~QueuedFileEntry
0x0083DB60|IOManager::~IOManager
0x00842F00|BSTaskThread::~BSTaskThread
0x00843070|BSXFlags::~BSXFlags
0x00844E20|BSTempNodeManager::~BSTempNodeManager
0x00846AF0|BSMultiBoundNode::~BSMultiBoundNode
0x0084F550|BSPortalSharedNode::~BSPortalSharedNode
0x008504E0|BSParticleSystemManager::~BSParticleSystemManager
0x00851DF0|BSSceneGraph::~BSSceneGraph
0x00853E40|NiBSBoneLODController::~NiBSBoneLODController
0x00853FA0|BSFurnitureMarker::~BSFurnitureMarker
0x0085AC00|BSPortalGraph::~BSPortalGraph
0x0085C440|BSPSysMultiTargetEmitterCtlr::~BSPSysMultiTargetEmitterCtlr
0x0085CFB0|BSScissorTriShape::~BSScissorTriShape
0x0085DB90|BSMasterParticleSystem::~BSMasterParticleSystem
0x0085ED60|BSTextureData::~BSTextureData
0x0085FAA0|BSValueNode::~BSValueNode
0x0085FD50|BSPSysStripUpdateModifier::~BSPSysStripUpdateModifier
0x008613A0|BSWArray::~BSWArray
0x00863B40|BSDecalPlacementVectorExtraData::~BSDecalPlacementVectorExtraData
0x00864780|BSReference::~BSReference
0x00864E70|BSAttachPoints::~BSAttachPoints
0x0086ACA0|bhkWorld::~bhkWorld
0x0086C290|bhkNiCollisionObject::~bhkNiCollisionObject
0x00876240|bhkRagdollShareData::~bhkRagdollShareData
0x0087D900|bhkRagdollController::~bhkRagdollController
0x0087DC40|hkaSkeleton::~hkaSkeleton
0x00881550|bhkBlendCollisionObjectAddRotation::~bhkBlendCollisionObjectAddRotation
0x00884C50|bhkShape::~bhkShape
0x00885750|bhkCharacterStateClimbing::~bhkCharacterStateClimbing
0x00885790|bhkWorldObject::~bhkWorldObject
0x00886720|bhkUnaryAction::~bhkUnaryAction
0x00886CB0|bhkMouseSpringAction::~bhkMouseSpringAction
0x008877B0|bhkSerializable::~bhkSerializable
0x00887970|bhkAction::~bhkAction
0x00887D20|bhkRefObject::~bhkRefObject
0x00888930|WeaponObject::~WeaponObject
0x00889640|bhkConstraint::~bhkConstraint
0x00889AC0|hkPrismaticConstraintCinfo::~hkPrismaticConstraintCinfo
0x0088A720|bhkBinaryAction::~bhkBinaryAction
0x0088ADF0|bhkListShape::~bhkListShape
0x0088BED0|bhkTransformShape::~bhkTransformShape
0x0088E9C0|bhkRigidBody::~bhkRigidBody
0x008905B0|hkpShapeContainer::~hkpShapeContainer
0x00893E50|ahkpWorld::~ahkpWorld
0x00899F10|hkDebugDisplay::~hkDebugDisplay
0x0089AD60|bhkBlendController::~bhkBlendController
0x0089CF60|hkpEntity::~hkpEntity
0x0089D3B0|hkpWorldObject::~hkpWorldObject
0x0089D620|bhkEntity::~bhkEntity
0x0089D930|hkpBvShape::~hkpBvShape
0x0089DB80|hkpSphereTriangleAgent::~hkpSphereTriangleAgent
0x0089EB30|bhkShapePhantom::~bhkShapePhantom
0x0089EEC0|bhkSimpleShapePhantom::~bhkSimpleShapePhantom
0x0089F3B0|bhkPhantom::~bhkPhantom
0x0089F530|bhkAabbPhantom::~bhkAabbPhantom
0x0089FB00|bhkConvexShape::~bhkConvexShape
0x0089FD70|bhkBoxShape::~bhkBoxShape
0x008A0540|bhkSphereRepShape::~bhkSphereRepShape
0x008A0660|bhkSphereShape::~bhkSphereShape
0x008A2140|bhkRagdollPenetrationUtil::~bhkRagdollPenetrationUtil
0x008A3570|hkPackedNiTriStripsData::~hkPackedNiTriStripsData
0x008A4DA0|bhkBvTreeShape::~bhkBvTreeShape
0x008A5290|bhkPackedNiTriStripsShape::~bhkPackedNiTriStripsShape
0x008A6590|bhkNiTriStripsShape::~bhkNiTriStripsShape
0x008A80A0|hkpRigidBody::~hkpRigidBody
0x008A95E0|hkpCharacterContext::~hkpCharacterContext
0x008A9860|bhkMalleableConstraint::~bhkMalleableConstraint
0x008AA140|bhkLimitedHingeConstraint::~bhkLimitedHingeConstraint
0x008AACF0|bhkCapsuleShape::~bhkCapsuleShape
0x008ABF50|bhkCharacterProxy::~bhkCharacterProxy
0x008AFF80|bhkTriSampledHeightFieldBvTreeShape::~bhkTriSampledHeightFieldBvTreeShape
0x008B0C00|hkpConstraintChainInstanceAction::~hkpConstraintChainInstanceAction
0x008B1600|IConvexOverlapImpl::~IConvexOverlapImpl
0x008B2FF0|bhkRigidBodyT::~bhkRigidBodyT
0x008B78B0|bhkMultiSphereShape::~bhkMultiSphereShape
0x008B83F0|bhkOrientHingedBodyAction::~bhkOrientHingedBodyAction
0x008B8B40|hkpLimitedHingeConstraintData::~hkpLimitedHingeConstraintData
0x008B9900|bhkFilteredCdBodyCollector::~bhkFilteredCdBodyCollector
0x008BA1D0|bhkRagdollTemplateData::~bhkRagdollTemplateData
0x008BAF90|bhkRagdollTemplate::~bhkRagdollTemplate
0x008BBFE0|hkMemorySystem::~hkMemorySystem
0x008BC4A0|hkpCharacterStateManager::~hkpCharacterStateManager
0x008BC920|bhkLiquidAction::~bhkLiquidAction
0x008BD970|bhkHingeConstraint::~bhkHingeConstraint
0x008BE880|bhkCollisionBox::~bhkCollisionBox
0x008BF1A0|bhkMemoryAllocator::~bhkMemoryAllocator
0x008C00E0|hkErrStream::~hkErrStream
0x008C0780|hkArrayStreamWriter::~hkArrayStreamWriter
0x008C1520|bhkPoseArray::~bhkPoseArray
0x008C1E40|bhkExtraData::~bhkExtraData
0x008C2350|bhkCachingShapePhantom::~bhkCachingShapePhantom
0x008C2AC0|bhkSpringAction::~bhkSpringAction
0x008C3270|bhkMotorAction::~bhkMotorAction
0x008C39B0|bhkDashpotAction::~bhkDashpotAction
0x008C4180|bhkAngularDashpotAction::~bhkAngularDashpotAction
0x008C47F0|bhkBreakableConstraint::~bhkBreakableConstraint
0x008C5090|bhkWheelConstraint::~bhkWheelConstraint
0x008C58C0|bhkStiffSpringConstraint::~bhkStiffSpringConstraint
0x008C5E60|bhkRagdollLimitsConstraint::~bhkRagdollLimitsConstraint
0x008C66B0|bhkRagdollConstraint::~bhkRagdollConstraint
0x008C7450|bhkPrismaticConstraint::~bhkPrismaticConstraint
0x008C7D00|bhkFixedConstraint::~bhkFixedConstraint
0x008C8480|bhkHingeLimitsConstraint::~bhkHingeLimitsConstraint
0x008C8CE0|bhkBallSocketConstraintChain::~bhkBallSocketConstraintChain
0x008C94B0|hkBallSocketChainCinfo::~hkBallSocketChainCinfo
0x008C9640|bhkBallAndSocketConstraint::~bhkBallAndSocketConstraint
0x008C9C60|bhkMoppBvTreeShape::~bhkMoppBvTreeShape
0x008CA8D0|bhkTriangleShape::~bhkTriangleShape
0x008CBC00|bhkExtendedMeshShape::~bhkExtendedMeshShape
0x008CC720|bhkExtendedMeshShapeData::~bhkExtendedMeshShapeData
0x008CD080|bhkCylinderShape::~bhkCylinderShape
0x008CDBC0|bhkConvexVerticesShape::~bhkConvexVerticesShape
0x008CE900|bhkConvexTransformShape::~bhkConvexTransformShape
0x008CF4F0|bhkConvexSweepShape::~bhkConvexSweepShape
0x008CF740|bhkConvexListShape::~bhkConvexListShape
0x008D09D0|hkFreeListMemorySystem::~hkFreeListMemorySystem
0x008D1970|hkVisualDebugger::~hkVisualDebugger
0x008D27F0|hkProcessContext::~hkProcessContext
0x008D2DE0|bhkShapeCollection::~bhkShapeCollection
0x008D3490|bhkCharacterPointCollector::~bhkCharacterPointCollector
0x008DF1F0|hkpRagdollConstraintData::~hkpRagdollConstraintData
0x008DF7A0|ahkpMalleableConstraintData::~ahkpMalleableConstraintData
0x008E2600|hkaRagdollInstance::~hkaRagdollInstance
0x008E29E0|hkaSkeletonMapper::~hkaSkeletonMapper
0x008F2BF0|hkpAabbPhantom::~hkpAabbPhantom
0x008F40B0|hkpConstraintInstance::~hkpConstraintInstance
0x008F4DE0|hkpDashpotAction::~hkpDashpotAction
0x008F86D0|hkpSimulation::~hkpSimulation
0x008FC140|hkpCollisionDispatcher::~hkpCollisionDispatcher
0x008FC590|hkpReportContactMgr::~hkpReportContactMgr
0x008FD720|hkpSimpleConstraintContactMgr::~hkpSimpleConstraintContactMgr
0x008FDA50|hkpSimpleContactConstraintData::~hkpSimpleContactConstraintData
0x00902DA0|hkpBroadPhaseListener::~hkpBroadPhaseListener
0x00906640|hkpPhysicsSystem::~hkpPhysicsSystem
0x00906F70|hkpMoppShapeMediator::~hkpMoppShapeMediator
0x00907720|hkpSimulationIsland::~hkpSimulationIsland
0x00908130|hkpShapePhantom::~hkpShapePhantom
0x0090D0D0|hkpContinuousSimulation::~hkpContinuousSimulation
0x009182E0|hkp3AxisSweep::~hkp3AxisSweep
0x0091DFF0|hkpMaxSizeMotion::~hkpMaxSizeMotion
0x0091F780|hkpSimpleShapePhantom::~hkpSimpleShapePhantom
0x00924660|hkBSHeightFieldShape::~hkBSHeightFieldShape
0x00927520|hkBufferedStreamWriter::~hkBufferedStreamWriter
0x0092B2B0|hkpReorientAction::~hkpReorientAction
0x0092B6B0|hkDefaultError::~hkDefaultError
0x0092BC70|hkBufferedStreamReader::~hkBufferedStreamReader
0x0092BDA0|hkStdioStreamReader::~hkStdioStreamReader
0x0092BFB0|hkStdioStreamWriter::~hkStdioStreamWriter
0x0092CF00|hkCpuJobThreadPool::~hkCpuJobThreadPool
0x0092F380|hkpMoppAgent::~hkpMoppAgent
0x00946BE0|hkMemoryTrackStreamWriter::~hkMemoryTrackStreamWriter
0x00946C30|hkMemoryTrackStreamReader::~hkMemoryTrackStreamReader
0x009496D0|hkpStorageSampledHeightFieldShape::~hkpStorageSampledHeightFieldShape
0x0094C250|hkpPhysicsData::~hkpPhysicsData
0x0094CE60|hkpCachingShapePhantom::~hkpCachingShapePhantom
0x0094E000|ahkpBreakableConstraintData::~ahkpBreakableConstraintData
0x0094F8D0|hkpPrismaticConstraintData::~hkpPrismaticConstraintData
0x00950020|bhkGenericConstraint::~bhkGenericConstraint
0x00950C50|hkpGenericConstraintData::~hkpGenericConstraintData
0x00953220|bhkConstraintChain::~bhkConstraintChain
0x00953E30|hkpBallSocketChainData::~hkpBallSocketChainData
0x009543E0|hkpMoppBvTreeShape::~hkpMoppBvTreeShape
0x00954960|hkScaledMoppBvTreeShape::~hkScaledMoppBvTreeShape
0x00954E60|bhkPlaneShape::~bhkPlaneShape
0x00959870|hkCharControllerShape::~hkCharControllerShape
0x0095E940|hkSolverAllocator::~hkSolverAllocator
0x0095FFD0|hkFreeListAllocator::~hkFreeListAllocator
0x00960590|hkOArchive::~hkOArchive
0x00962720|hkpWeldingViewer::~hkpWeldingViewer
0x00964AE0|hkpSimulationIslandViewer::~hkpSimulationIslandViewer
0x009683B0|hkpToiContactPointViewer::~hkpToiContactPointViewer
0x00969920|hkpConstraintViewer::~hkpConstraintViewer
0x0096A750|hkpMidphaseViewer::~hkpMidphaseViewer
0x0096AC40|hkpBroadphaseViewer::~hkpBroadphaseViewer
0x0096AD40|hkpConstraintListener::~hkpConstraintListener
0x00976940|hkgpConvexHull::~hkgpConvexHull
0x009877D0|hkTypeInfoRegistry::~hkTypeInfoRegistry
0x00987BF0|hkpConstraintCollisionFilter::~hkpConstraintCollisionFilter
0x009970C0|hkpBroadPhase::~hkpBroadPhase
0x0099FB30|hkpSphereTriangleAgent::~hkpSphereTriangleAgent
0x009A2560|hkDisplayAABB::~hkDisplayAABB
0x009A2930|hkpSphereTriangleAgent::~hkpSphereTriangleAgent
0x009A3080|hkBsdSocket::~hkBsdSocket
0x009B85E0|hkVersionPatchManager::~hkVersionPatchManager
0x009BB3F0|hkDataWorldNative::~hkDataWorldNative
0x009BC6E0|hkBinaryPackfileWriter::~hkBinaryPackfileWriter
0x009BDF60|hkPackfileWriter::~hkPackfileWriter
0x009C8080|hkDataWorldDict::~hkDataWorldDict
0x009C96A0|hkDataObjectDict::~hkDataObjectDict
0x009CA0F0|PointerArrayImplementation::~PointerArrayImplementation
0x009CA6B0|CstringArrayImplementation::~CstringArrayImplementation
0x009CB890|StructArrayImplementation::~StructArrayImplementation
0x009CBFC0|hkDataClassDict::~hkDataClassDict
0x009CC160|hkIstream::~hkIstream
0x009CECC0|hkpPhysicsSystemWithContacts::~hkpPhysicsSystemWithContacts
0x009D05C0|hkpConstraintChainInstance::~hkpConstraintChainInstance
0x009D51D0|hkpMoppShapeMediator::~hkpMoppShapeMediator
0x009D5D90|hkpMoppCachedShapeMediator::~hkpMoppCachedShapeMediator
0x009D7EC0|hkLargeBlockAllocator::~hkLargeBlockAllocator
0x009D91F0|hkIArchive::~hkIArchive
0x009D94C0|hkProcessFactory::~hkProcessFactory
0x009DF240|hkStreamStatisticsCollector::~hkStreamStatisticsCollector
0x009E2A40|hkpActiveContactPointViewer::~hkpActiveContactPointViewer
0x009EE7D0|hkpPointToPathConstraintData::~hkpPointToPathConstraintData
0x009F67D0|hkSimpleLocalFrame::~hkSimpleLocalFrame
0x009FB720|hkaAnimation::~hkaAnimation
0x009FBF70|hkpVehicleDefaultSuspension::~hkpVehicleDefaultSuspension
0x009FC150|hkpVehicleData::~hkpVehicleData
0x009FDB90|hkxSparselyAnimatedInt::~hkxSparselyAnimatedInt
0x009FDC40|hkxEnum::~hkxEnum
0x009FDFE0|hkMonitorStreamColorTable::~hkMonitorStreamColorTable
0x009FE360|hkaInterleavedUncompressedAnimation::~hkaInterleavedUncompressedAnimation
0x009FE720|hkaAnimationContainer::~hkaAnimationContainer
0x009FE9E0|hkaAnimationBinding::~hkaAnimationBinding
0x009FED30|hkpVehicleDefaultTransmission::~hkpVehicleDefaultTransmission
0x009FF010|hkpSerializedDisplayMarkerList::~hkpSerializedDisplayMarkerList
0x009FF730|hkpDisplayBindingData::~hkpDisplayBindingData
0x009FFCA0|hkpConvexPieceStreamData::~hkpConvexPieceStreamData
0x00A00000|hkpLinearParametricCurve::~hkpLinearParametricCurve
0x00A00830|hkpShapeInfo::~hkpShapeInfo
0x00A00DD0|hkpConvexVerticesConnectivity::~hkpConvexVerticesConnectivity
0x00A01750|hkxTextureInplace::~hkxTextureInplace
0x00A01900|hkxSparselyAnimatedString::~hkxSparselyAnimatedString
0x00A01A50|hkxSparselyAnimatedBool::~hkxSparselyAnimatedBool
0x00A01B30|hkxSkinBinding::~hkxSkinBinding
0x00A01D40|hkxNodeSelectionSet::~hkxNodeSelectionSet
0x00A01F70|hkxMeshSection::~hkxMeshSection
0x00A021D0|hkxMaterialShader::~hkxMaterialShader
0x00A023C0|hkxIndexBuffer::~hkxIndexBuffer
0x00A02C70|hkPlatformObjectWriter::~hkPlatformObjectWriter
0x00A03160|hkpSphereTriangleAgent::~hkpSphereTriangleAgent
0x00A04F80|hkObjectResource::~hkObjectResource
0x00A057C0|hkPackfileData::~hkPackfileData
0x00A05BB0|hkMemoryStreamReader::~hkMemoryStreamReader
0x00A05D10|hkpSerializedAgentNnEntry::~hkpSerializedAgentNnEntry
0x00A06650|hkpMoppCodeGenerator::~hkpMoppCodeGenerator
0x00A09450|hkpMoppDefaultAssembler::~hkpMoppDefaultAssembler
0x00A09BD0|hkpSphereTriangleAgent::~hkpSphereTriangleAgent
0x00A18A50|hkgpMesh::~hkgpMesh
0x00A2EA40|hkMemoryResourceHandle::~hkMemoryResourceHandle
0x00A2EC00|hkMemoryResourceContainer::~hkMemoryResourceContainer
0x00A345A0|hkaSplineCompressedAnimation::~hkaSplineCompressedAnimation
0x00A34820|hkaMeshBinding::~hkaMeshBinding
0x00A36B80|hkpVehicleLinearCastWheelCollide::~hkpVehicleLinearCastWheelCollide
0x00A38BF0|hkpVehicleInstance::~hkpVehicleInstance
0x00A3A360|hkpTyremarksInfo::~hkpTyremarksInfo
0x00A3A3D0|hkpSerializedDisplayRbTransforms::~hkpSerializedDisplayRbTransforms
0x00A3AD80|hkpPoweredChainMapper::~hkpPoweredChainMapper
0x00A3B0A0|hkpStiffSpringChainData::~hkpStiffSpringChainData
0x00A3B9A0|hkpPoweredChainData::~hkpPoweredChainData
0x00A3E760|hkxVertexBuffer::~hkxVertexBuffer
0x00A3EAA0|hkxAttributeHolder::~hkxAttributeHolder
0x00A3ED80|hkxNode::~hkxNode
0x00A3F110|hkxMaterial::~hkxMaterial
0x00A3F820|hkxEnvironment::~hkxEnvironment
0x00A40CB0|hkaFootstepAnalysisInfo::~hkaFootstepAnalysisInfo
0x00A40FD0|hkaFootstepAnalysisInfoContainer::~hkaFootstepAnalysisInfoContainer
0x00A41E20|hkaAnimationPreviewColorContainer::~hkaAnimationPreviewColorContainer
0x00A41FC0|hkpVehicleRayCastWheelCollide::~hkpVehicleRayCastWheelCollide
0x00A42740|hkpVehicleRayCastBatchingManager::~hkpVehicleRayCastBatchingManager
0x00A45040|hkpProjectileGun::~hkpProjectileGun
0x00A466E0|hkpFirstPersonGun::~hkpFirstPersonGun
0x00A46900|hkpDisableEntityCollisionFilter::~hkpDisableEntityCollisionFilter
0x00A46B80|hkpConstrainedSystemFilter::~hkpConstrainedSystemFilter
0x00A47020|hkpMountedBallGun::~hkpMountedBallGun
0x00A4A460|hkMemoryMeshShape::~hkMemoryMeshShape
0x00A4A750|hkxScene::~hkxScene
0x00A4AD10|hkxMesh::~hkxMesh
0x00A4AE90|hkxMaterialShaderSet::~hkxMaterialShaderSet
0x00A74D40|NiMeshParticleSystem::~NiMeshParticleSystem
0x00A78BE0|NiD3DShaderDeclaration::~NiD3DShaderDeclaration
0x00A7FEA0|NiD3DPass::~NiD3DPass
0x00A806C0|NiD3DShader::~NiD3DShader
0x00A81C00|NiShaderConstantMapEntry::~NiShaderConstantMapEntry
0x00A87690|NiD3DShaderConstantMap::~NiD3DShaderConstantMap
0x00A88D60|NiD3DGeometryGroupManager::~NiD3DGeometryGroupManager
0x00A89840|NiD3DShaderProgram::~NiD3DShaderProgram
0x00A89970|NiD3DPixelShader::~NiD3DPixelShader
0x00A89B70|NiD3DVertexShader::~NiD3DVertexShader
0x00A8F0F0|NiGeometryBufferData::~NiGeometryBufferData
0x00A92DC0|NiD3DShaderFactory::~NiD3DShaderFactory
0x00A93E00|NiD3DShaderProgramFactory::~NiD3DShaderProgramFactory
0x00A95880|NiDynamicGeometryGroup::~NiDynamicGeometryGroup
0x00A96C90|NiD3DHLSLPixelShader::~NiD3DHLSLPixelShader
0x00A971D0|NiD3DHLSLVertexShader::~NiD3DHLSLVertexShader
0x00A98710|NiUnsharedGeometryGroup::~NiUnsharedGeometryGroup
0x00A989C0|NiD3DShaderConstantManager::~NiD3DShaderConstantManager
0x00A9E860|NiUnionBV::~NiUnionBV
0x00AACDE0|NiCollisionData::~NiCollisionData
0x00AAE6D0|NiBoxCapsuleIntersector::~NiBoxCapsuleIntersector
0x00AB8AB0|NiOBBNode::~NiOBBNode
0x00AC15E0|MoviePlayer::~MoviePlayer
0x00AC409B|type_info::~type_info
0x00AE82B0|NiRenderedCubeMap::~NiRenderedCubeMap
0x00AE8560|NiRenderTargetGroup::~NiRenderTargetGroup
0x00AE9A60|NiGPUProgramCache::~NiGPUProgramCache
0x00AEA5E0|NiMaterialResource::~NiMaterialResource
