# global labels: 0x<pc_data_rva>|<qualified name>|votes|<mangled>
0x00BDF044|hkQuadRealHalf|13|?hkQuadRealHalf@@3U__vector4@@B
0x00BDF084|bFileShowTextures|1|?bFileShowTextures@@3V?$SettingT@VINISettingCollection@@@@A
0x00BDF088|bFileShowIcons|1|?bFileShowIcons@@3V?$SettingT@VINISettingCollection@@@@A
0x00BDF100|iAudioCacheSize|1|?iAudioCacheSize@@3V?$SettingT@VINISettingCollection@@@@A
0x00BDF1C0|fSurgeryPlayerDefaultVPos|1|?fSurgeryPlayerDefaultVPos@@3V?$SettingT@VINISettingCollection@@@@A
0x00BDF1C4|fSurgeryPlayerDefaultScale|1|?fSurgeryPlayerDefaultScale@@3V?$SettingT@VINISettingCollection@@@@A
0x00BDF3A0|iIntroSequencePriority|1|?iIntroSequencePriority@@3V?$SettingT@VINISettingCollection@@@@A
0x00BF0000|XGRAPHICS::vector_ops_num_src|1|?vector_ops_num_src@XGRAPHICS@@3PAHA
0x00BF6800|bAllowConsole|1|?bAllowConsole@@3V?$SettingT@VINISettingCollection@@@@A
0x00BF6850|sOpenWithKey|1|?sOpenWithKey@@3V?$SettingT@VGameSettingCollection@@@@A
0x00BFFFEC|expressionErrors|1|?expressionErrors@@3PAPADA
0x00BFFFFC|sLocalSavePath|1|?sLocalSavePath@@3V?$SettingT@VINISettingCollection@@@@A
0x00C00000|fDangerousProjectileExplosionDamage|1|?fDangerousProjectileExplosionDamage@@3V?$SettingT@VGameSettingCollection@@@@A
0x00C00068|iAIThread2HWThread|1|?iAIThread2HWThread@@3V?$SettingT@VINISettingCollection@@@@A
0x00C00DD0|fCombatDetectionLostTime|1|?fCombatDetectionLostTime@@3V?$SettingT@VGameSettingCollection@@@@A
0x00C06800|psUserActions|1|?psUserActions@@3PAPAV?$SettingT@VGameSettingCollection@@@@A
0x00C10000|fDangerousProjectileExplosionRadius|1|?fDangerousProjectileExplosionRadius@@3V?$SettingT@VGameSettingCollection@@@@A
0x00C11584|bVATSProjectileDebug|2|?bVATSProjectileDebug@@3V?$SettingT@VINISettingCollection@@@@A
0x00C11588|fCombatSpeakHitThreshold|1|?fCombatSpeakHitThreshold@@3V?$SettingT@VGameSettingCollection@@@@A
0x00C11590|sEmpty|1|?sEmpty@@3V?$SettingT@VGameSettingCollection@@@@A
0x00C11598|fRumbleBlockTime|1|?fRumbleBlockTime@@3V?$SettingT@VGameSettingCollection@@@@A
0x00C11D78|hkVector4Zero|2|?hkVector4Zero@@3VhkVector4@@A
0x00C12054|sConfirmLoad|1|?sConfirmLoad@@3V?$SettingT@VGameSettingCollection@@@@A
0x00C12060|sInventoryValue|2|?sInventoryValue@@3V?$SettingT@VGameSettingCollection@@@@A
0x00C12070|sInventoryWeightUpper|3|?sInventoryWeightUpper@@3V?$SettingT@VGameSettingCollection@@@@A
0x00C120E8|fKnockbackTime|1|?fKnockbackTime@@3V?$SettingT@VGameSettingCollection@@@@A
0x00C120F0|fRumbleHitTime|1|?fRumbleHitTime@@3V?$SettingT@VGameSettingCollection@@@@A
0x00C12320|sSelectItemToRepair|1|?sSelectItemToRepair@@3V?$SettingT@VGameSettingCollection@@@@A
0x00C15A38|iHUDMaxCompassNPCTicks|1|?iHUDMaxCompassNPCTicks@@3V?$SettingT@VGameSettingCollection@@@@A
0x00C16248|iQuestReminderPipboyDisabledTime|1|?iQuestReminderPipboyDisabledTime@@3V?$SettingT@VGameSettingCollection@@@@A
0x00C162C0|sRemoveItemfromInventory|5|?sRemoveItemfromInventory@@3V?$SettingT@VGameSettingCollection@@@@A
0x00C16410|fVATSSpreadMult|1|?fVATSSpreadMult@@3V?$SettingT@VGameSettingCollection@@@@A
0x00C16800|sOutOfLockpicks|1|?sOutOfLockpicks@@3V?$SettingT@VGameSettingCollection@@@@A
0x00C16968|fPlayerHealthHeartbeatSlow|1|?fPlayerHealthHeartbeatSlow@@3V?$SettingT@VGameSettingCollection@@@@A
0x00C16970|iMolotovTest|1|?iMolotovTest@@3V?$SettingT@VGameSettingCollection@@@@A
0x00C17A40|fVATSThrownWeaponRangeMult|1|?fVATSThrownWeaponRangeMult@@3V?$SettingT@VGameSettingCollection@@@@A
0x00C17B68|pManeuverNames|1|?pManeuverNames@@3PAPBDA
0x00C17B70|fQuestCinematicCharacterFadeInDelay|1|?fQuestCinematicCharacterFadeInDelay@@3V?$SettingT@VGameSettingCollection@@@@A
0x00C18C00|fPickBreakSecs|1|?fPickBreakSecs@@3V?$SettingT@VGameSettingCollection@@@@A
0x00C19F08|pGSMonth|2|?pGSMonth@@3PAPAV?$SettingT@VGameSettingCollection@@@@A
0x00C1A6B0|Procedure_Action|1|?Procedure_Action@@3PAPAW4PROCEDURE@@A
0x00C1DB90|fAnimationDefaultBlend|1|?fAnimationDefaultBlend@@3V?$SettingT@VINISettingCollection@@@@A
0x00C1DBE8|fMenuModeAnimBlend|1|?fMenuModeAnimBlend@@3V?$SettingT@VINISettingCollection@@@@A
0x00C1E568|fPopUpBackgroundOpacity|2|?fPopUpBackgroundOpacity@@3V?$SettingT@VINISettingCollection@@@@A
0x00C1E704|sPCControlsTextPrefix|1|?sPCControlsTextPrefix@@3V?$SettingT@VGameSettingCollection@@@@A
0x00C1ECB8|fCoverWaitReloadClipPercent|1|?fCoverWaitReloadClipPercent@@3V?$SettingT@VGameSettingCollection@@@@A
0x00C1FCF0|fDebugCombatTextSize|1|?fDebugCombatTextSize@@3V?$SettingT@VINISettingCollection@@@@A
0x00C1FF40|fFollowSpaceBetweenFollowers|1|?fFollowSpaceBetweenFollowers@@3V?$SettingT@VGameSettingCollection@@@@A
0x00C1FFA0|sRadioSignalLost|1|?sRadioSignalLost@@3V?$SettingT@VGameSettingCollection@@@@A
0x00C20758|fVATSStealthMult|1|?fVATSStealthMult@@3V?$SettingT@VGameSettingCollection@@@@A
0x00C20770|fHotKeyDownTimer|1|?fHotKeyDownTimer@@3V?$SettingT@VGameSettingCollection@@@@A
0x00C20774|pSexNameGS|1|?pSexNameGS@@3PAPAV?$SettingT@VGameSettingCollection@@@@A
0x00C2243C|fAVDTagSkillBonus|1|?fAVDTagSkillBonus@@3V?$SettingT@VGameSettingCollection@@@@A
0x00C23128|fGrassMinStartFadeDistance|1|?fGrassMinStartFadeDistance@@3V?$SettingT@VINISettingCollection@@@@A
0x00C231A0|fCombatSearchCheckDestinationMinDistance|1|?fCombatSearchCheckDestinationMinDistance@@3V?$SettingT@VGameSettingCollection@@@@A
0x00C231E8|TimerRenderWater|1|?TimerRenderWater@@3VBSPerformanceTimer@@A
0x00C23CD8|sYouWinText|2|?sYouWinText@@3V?$SettingT@VGameSettingCollection@@@@A
0x00C249D8|cpminConcentricLengthA|1|?cpminConcentricLengthA@@3PAPAV?$SettingT@VINISettingCollection@@@@A
0x00C26800|fPlayerCharacterTurnMult|1|?fPlayerCharacterTurnMult@@3V?$SettingT@VINISettingCollection@@@@A
0x00C2CAF8|pCombatExecutionFlagNames|1|?pCombatExecutionFlagNames@@3PAPADA
0x00C2E9C0|sHackIneligible|1|?sHackIneligible@@3V?$SettingT@VGameSettingCollection@@@@A
0x00C2EFC4|fGunWobbleMultScope|2|?fGunWobbleMultScope@@3V?$SettingT@VGameSettingCollection@@@@A
0x00C2F248|iDebugTextTopBottomOffset|1|?iDebugTextTopBottomOffset@@3V?$SettingT@VINISettingCollection@@@@A
0x00C2FC70|sInventoryAmmo|1|?sInventoryAmmo@@3V?$SettingT@VGameSettingCollection@@@@A
0x00C3275C|fMagicProjectileMaxDistance|1|?fMagicProjectileMaxDistance@@3V?$SettingT@VGameSettingCollection@@@@A
0x00C32988|dollyStartingPos|1|?dollyStartingPos@@3VNiPoint3@@A
0x00C34200|fAudioDebugDelay|1|?fAudioDebugDelay@@3V?$SettingT@VINISettingCollection@@@@A
0x00C345E0|sAmmoEffectDR|1|?sAmmoEffectDR@@3V?$SettingT@VGameSettingCollection@@@@A
0x00C345E4|sAmmoEffectDAM|1|?sAmmoEffectDAM@@3V?$SettingT@VGameSettingCollection@@@@A
0x00C345E8|sAmmoEffectFatigue|1|?sAmmoEffectFatigue@@3V?$SettingT@VGameSettingCollection@@@@A
0x00C35708|sPMTime|1|?sPMTime@@3V?$SettingT@VGameSettingCollection@@@@A
0x00C35710|sAMTime|1|?sAMTime@@3V?$SettingT@VGameSettingCollection@@@@A
0x00C37E60|sexName|1|?sexName@@3PAPADA
0x00C399B8|bDebugCombatProjectileLOS|1|?bDebugCombatProjectileLOS@@3V?$SettingT@VINISettingCollection@@@@A
0x00C399BC|bDebugCombatCoverSearchText|1|?bDebugCombatCoverSearchText@@3V?$SettingT@VINISettingCollection@@@@A
0x00C3A1C4|iDebugTextFont|1|?iDebugTextFont@@3V?$SettingT@VINISettingCollection@@@@A
0x00C3ABC4|LifeStateString|1|?LifeStateString@@3PAPADA
0x00C3ABC8|pProcessTypeString|1|?pProcessTypeString@@3PAPADA
0x00C3D078|hkQuadReal0001|2|?hkQuadReal0001@@3U__vector4@@B
0x00C46814|sMenuDisplayLevelString|1|?sMenuDisplayLevelString@@3V?$SettingT@VGameSettingCollection@@@@A
0x00C46850|sCurrentBetText|2|?sCurrentBetText@@3V?$SettingT@VGameSettingCollection@@@@A
0x00C47008|sInventoryStrReq|1|?sInventoryStrReq@@3V?$SettingT@VGameSettingCollection@@@@A
0x00C4DA48|hkpBvTreeShapeClass|1|?hkpBvTreeShapeClass@@3VhkClass@@B
0x00C4F2F0|sWeaponBreak|1|?sWeaponBreak@@3V?$SettingT@VGameSettingCollection@@@@A
0x00C51688|fCrippledArm1HSpreadPenalty|1|?fCrippledArm1HSpreadPenalty@@3V?$SettingT@VGameSettingCollection@@@@A
0x00C5559C|sButtonLocked|1|?sButtonLocked@@3V?$SettingT@VGameSettingCollection@@@@A
0x00C63AB4|sRSMRandomize|1|?sRSMRandomize@@3V?$SettingT@VGameSettingCollection@@@@A
0x00C64ACC|pLockLevelNames|1|?pLockLevelNames@@3PAPAV?$SettingT@VGameSettingCollection@@@@A
0x00C64DE4|bPlayHitLocationIdles|1|?bPlayHitLocationIdles@@3V?$SettingT@VINISettingCollection@@@@A
0x00C64DE8|fRumbleStruckStrength|1|?fRumbleStruckStrength@@3V?$SettingT@VGameSettingCollection@@@@A
0x00C64DEC|iWeaponCriticalHitDropChance|1|?iWeaponCriticalHitDropChance@@3V?$SettingT@VGameSettingCollection@@@@A
0x00C64E10|fKnockbackForceMax|1|?fKnockbackForceMax@@3V?$SettingT@VGameSettingCollection@@@@A
0x00C692D0|sHackingHeader2|1|?sHackingHeader2@@3V?$SettingT@VGameSettingCollection@@@@A
0x00C6EFA0|bCreateOptimizedXMLArchive|1|?bCreateOptimizedXMLArchive@@3V?$SettingT@VINISettingCollection@@@@A
0x00C6EFA8|iDebugTextLeftRightOffset|1|?iDebugTextLeftRightOffset@@3V?$SettingT@VINISettingCollection@@@@A
0x00C704E8|sDone|2|?sDone@@3V?$SettingT@VGameSettingCollection@@@@A
0x00C704F0|sAccept|1|?sAccept@@3V?$SettingT@VGameSettingCollection@@@@A
0x00C70D8C|sYouLoseText|2|?sYouLoseText@@3V?$SettingT@VGameSettingCollection@@@@A
0x00C70E80|pCombatWeaponTypeName|1|?pCombatWeaponTypeName@@3PAPADA
0x00C72118|iComputersDisplayRateMenus|2|?iComputersDisplayRateMenus@@3V?$SettingT@VGameSettingCollection@@@@A
0x00C72308|fNoticeTextTimePerCharacter|1|?fNoticeTextTimePerCharacter@@3V?$SettingT@VGameSettingCollection@@@@A
0x00C72310|sHitPointsShort|1|?sHitPointsShort@@3V?$SettingT@VGameSettingCollection@@@@A
0x00C72760|sSpeechChallengeFailure|1|?sSpeechChallengeFailure@@3V?$SettingT@VGameSettingCollection@@@@A
0x00C73480|fEnemyHealthBarTimer|1|?fEnemyHealthBarTimer@@3V?$SettingT@VGameSettingCollection@@@@A
0x00C73830|fPlayerMaxResistance|1|?fPlayerMaxResistance@@3V?$SettingT@VGameSettingCollection@@@@A
0x00C73F20|fLoadingWheelScale|1|?fLoadingWheelScale@@3V?$SettingT@VGameSettingCollection@@@@A
0x00C73F24|sStartingCell|1|?sStartingCell@@3V?$SettingT@VINISettingCollection@@@@A
0x00C7442C|sLockpickSkillText|1|?sLockpickSkillText@@3V?$SettingT@VGameSettingCollection@@@@A
0x00C74600|cpmaxSweetSpotLengthA|1|?cpmaxSweetSpotLengthA@@3PAPAV?$SettingT@VINISettingCollection@@@@A
0x00C75000|sRadioWaveformFileFormat|1|?sRadioWaveformFileFormat@@3V?$SettingT@VGameSettingCollection@@@@A
0x00C75A9C|sMoveMarkerQuestion|1|?sMoveMarkerQuestion@@3V?$SettingT@VGameSettingCollection@@@@A
0x00C75DB4|sInventoryCondition|1|?sInventoryCondition@@3V?$SettingT@VGameSettingCollection@@@@A
0x00C7617C|sOddText|1|?sOddText@@3V?$SettingT@VGameSettingCollection@@@@A
0x00C76190|sThirdDozenText|1|?sThirdDozenText@@3V?$SettingT@VGameSettingCollection@@@@A
0x00C76194|sRedText|1|?sRedText@@3V?$SettingT@VGameSettingCollection@@@@A
0x00C763AC|sHowManyWait|1|?sHowManyWait@@3V?$SettingT@VGameSettingCollection@@@@A
0x00C76F38|XGRAPHICS::ILOpCodeExtStr|1|?ILOpCodeExtStr@XGRAPHICS@@3PAPBDA
0x00C779BC|iTraitMenuMaxNumTraits|1|?iTraitMenuMaxNumTraits@@3V?$SettingT@VGameSettingCollection@@@@A
0x00C78A68|fTermScreenLightColorG|1|?fTermScreenLightColorG@@3V?$SettingT@VINISettingCollection@@@@A
0x00C7FC90|sDefaultPlayerName|1|?sDefaultPlayerName@@3V?$SettingT@VGameSettingCollection@@@@A
0x00C82334|fExpensiveFunctionThreshhold|1|?fExpensiveFunctionThreshhold@@3V?$SettingT@VINISettingCollection@@@@A
0x00C84D20|sNoEatQuestItem|1|?sNoEatQuestItem@@3V?$SettingT@VGameSettingCollection@@@@A
0x00C88260|fAIUseWeaponDistance|1|?fAIUseWeaponDistance@@3V?$SettingT@VGameSettingCollection@@@@A
0x00C8A8E0|ConflictingObjects|2|?ConflictingObjects@@3V?$BSSimpleList@PAVTESObjectREFR@@@@A
0x00C8B050|fForwardBias|1|?fForwardBias@@3V?$SettingT@VINISettingCollection@@@@A
0x00C8EA64|pCombatWorldStateData|1|?pCombatWorldStateData@@3PAUCombatWorldStateData@@A
0x00C91C00|CombatLocationData|1|?CombatLocationData@@3PAUCombatLocationInfo@@A
0x00C91C08|fTargetMovedRepathLengthLow|1|?fTargetMovedRepathLengthLow@@3V?$SettingT@VGameSettingCollection@@@@A
0x00C92B94|fCellAppTime|2|?fCellAppTime@@3MA
0x00C943DC|XGRAPHICS::ILImportSelStr|1|?ILImportSelStr@XGRAPHICS@@3PAPBDA
0x00C943E0|XGRAPHICS::ILOpCodeStr|1|?ILOpCodeStr@XGRAPHICS@@3PAPBDA
0x00C943E4|XGRAPHICS::ILMatrixStr|1|?ILMatrixStr@XGRAPHICS@@3PAPBDA
0x00C943E8|XGRAPHICS::ILPixTexUsageStr|1|?ILPixTexUsageStr@XGRAPHICS@@3PAPBDA
0x00C943EC|XGRAPHICS::ILTexShadowModeStr|1|?ILTexShadowModeStr@XGRAPHICS@@3PAPBDA
0x00C943F8|XGRAPHICS::ILZeroOpStr|1|?ILZeroOpStr@XGRAPHICS@@3PAPBDA
0x00C943FC|XGRAPHICS::ILCmpValStr|1|?ILCmpValStr@XGRAPHICS@@3PAPBDA
0x00C9917C|XGRAPHICS::xyzw|1|?xyzw@XGRAPHICS@@3QBDB
0x00C9B220|fSurgerySkinZoom|1|?fSurgerySkinZoom@@3V?$SettingT@VINISettingCollection@@@@A
0x00C9E850|sSlotPressAnyButtonText|1|?sSlotPressAnyButtonText@@3V?$SettingT@VGameSettingCollection@@@@A
0x00CA2480|sMenuDisplayDayString|1|?sMenuDisplayDayString@@3V?$SettingT@VGameSettingCollection@@@@A
0x00CB6F38|LoveTesterReverseAnimations|1|?LoveTesterReverseAnimations@@3PAPBDA
0x00CC1AF0|iThreadProcessors|1|?iThreadProcessors@@3PAIA
0x00CC4C00|hkQuadRealMinusHalf|2|?hkQuadRealMinusHalf@@3U__vector4@@B
0x00CCE800|sPayoutListText|1|?sPayoutListText@@3V?$SettingT@VGameSettingCollection@@@@A
0x00CD6760|hkClassClass|1|?hkClassClass@@3VhkClass@@B
0x00CEABE0|g_MemoryHelper|1|?g_MemoryHelper@@3VCMemoryHelper@@A
0x00CEB4E0|hkQsTransformIdentity|1|?hkQsTransformIdentity@@3VhkQsTransform@@A
0x00CEC338|hkPackfileSectionHeaderClass|1|?hkPackfileSectionHeaderClass@@3VhkClass@@B
0x00CF1D48|bPreloadIntroSequence|1|?bPreloadIntroSequence@@3V?$SettingT@VINISettingCollection@@@@A
0x00D32444|fSurgeryPlayerDefaultHPos|1|?fSurgeryPlayerDefaultHPos@@3V?$SettingT@VINISettingCollection@@@@A
0x00D48B0C|scriptParameterDefs|1|?scriptParameterDefs@@3PAUSCRIPT_PARAMETER_DEF@@A
0x00D58468|iConsoleVisibleLines|1|?iConsoleVisibleLines@@3V?$SettingT@VINISettingCollection@@@@A
0x00D584CC|bFileCheckModelCollision|1|?bFileCheckModelCollision@@3V?$SettingT@VINISettingCollection@@@@A
0x00D5E9EC|fGunWobbleChaseDriftTime|1|?fGunWobbleChaseDriftTime@@3V?$SettingT@VGameSettingCollection@@@@A
0x00D83028|bForceNPCsUseAmmo|1|?bForceNPCsUseAmmo@@3V?$SettingT@VINISettingCollection@@@@A
0x00D83108|sRSMFacialHair|1|?sRSMFacialHair@@3V?$SettingT@VGameSettingCollection@@@@A
0x00D83140|fMagicDefaultTouchDistance|1|?fMagicDefaultTouchDistance@@3V?$SettingT@VGameSettingCollection@@@@A
0x00D83A1C|sRSMGeneral|1|?sRSMGeneral@@3V?$SettingT@VGameSettingCollection@@@@A
0x00D84170|fWeatherFlashDuration|1|?fWeatherFlashDuration@@3V?$SettingT@VGameSettingCollection@@@@A
0x00D841CC|sNoMoreFollowers|1|?sNoMoreFollowers@@3V?$SettingT@VGameSettingCollection@@@@A
0x00D846D4|iNumberActorsAllowedToFollowPlayer|1|?iNumberActorsAllowedToFollowPlayer@@3V?$SettingT@VGameSettingCollection@@@@A
0x00D84720|sJunk|1|?sJunk@@3V?$SettingT@VGameSettingCollection@@@@A
0x00D86388|sNPCModelFemale|1|?sNPCModelFemale@@3V?$SettingT@VGameSettingCollection@@@@A
0x00D863A0|sNPCModelMale|1|?sNPCModelMale@@3V?$SettingT@VGameSettingCollection@@@@A
0x00D87004|formEnumString|4|?formEnumString@@3PAUFORM_ENUM_STRING@@A
0x00D87880|CombatAIMelee|1|?CombatAIMelee@@3VBSPerformanceTimer@@A
0x00D88B98|bipedObjectName|3|?bipedObjectName@@3PAPADA
0x00D88BE8|bipedBoneName|1|?bipedBoneName@@3PAPADA
0x00D89188|fJumpAnimDelay|1|?fJumpAnimDelay@@3V?$SettingT@VINISettingCollection@@@@A
0x00D895B8|pGSDay|1|?pGSDay@@3PAPAV?$SettingT@VGameSettingCollection@@@@A
0x00D8A598|pCriticalStageNames|1|?pCriticalStageNames@@3PAPBDA
0x00D8A838|weaponToAnimGroupWeapon|3|?weaponToAnimGroupWeapon@@3PAW4ANIM_GROUP_WEAPON_ENUM@@A
0x00D8C000|fGrassStartFadeDistance|1|?fGrassStartFadeDistance@@3V?$SettingT@VINISettingCollection@@@@A
0x00D8C360|pDefaultObjectData|1|?pDefaultObjectData@@3PAUDEFAULT_OBJECT_DATA@@A
0x00D8C608|pPlayerControls|1|?pPlayerControls@@3PAPADA
0x00D8C690|animGroupSectionNames|1|?animGroupSectionNames@@3PAPADA
0x00D8C6A8|KnockStateString|1|?KnockStateString@@3PAPADA
0x00D8C6D4|pAnimationActionStrings|1|?pAnimationActionStrings@@3PAPADA
0x00D8E8E0|scriptConsole|1|?scriptConsole@@3PAUSCRIPT_FUNCTION@@A
0x00D8E8E4|scriptFunctions|1|?scriptFunctions@@3PAUSCRIPT_FUNCTION@@A
0x00D96D6C|pLimbEnumNames|1|?pLimbEnumNames@@3PAPBDA
0x00D977A4|animWeaponInfo|3|?animWeaponInfo@@3PAPADA
0x00D977D8|animGroupInfo|3|?animGroupInfo@@3PAUANIM_GROUP_INFO@@A
0x00D977E4|animMoveInfo|1|?animMoveInfo@@3PAPADA
0x00D9B26C|fVATSGrenadeSkillFactor|1|?fVATSGrenadeSkillFactor@@3V?$SettingT@VGameSettingCollection@@@@A
0x00D9B2BC|fVATSMeleeMaxDistance|1|?fVATSMeleeMaxDistance@@3V?$SettingT@VGameSettingCollection@@@@A
0x00D9B734|pHairPartName|1|?pHairPartName@@3PAPADA
0x00D9BCB0|PackageTypeNames|3|?PackageTypeNames@@3PAPADA
0x00DA0294|iXenonMenuStickDeadZone|1|?iXenonMenuStickDeadZone@@3V?$SettingT@VINISettingCollection@@@@A
0x00DA03E4|pChallengeTypeTitles|1|?pChallengeTypeTitles@@3PAPAV?$SettingT@VGameSettingCollection@@@@A
0x00DA082C|sChipCountText|1|?sChipCountText@@3V?$SettingT@VGameSettingCollection@@@@A
0x00DA0A80|sAlignGood|1|?sAlignGood@@3V?$SettingT@VGameSettingCollection@@@@A
0x00DA2FFC|sTestFile2|1|?sTestFile2@@3V?$SettingT@VINISettingCollection@@@@A
0x00DA3738|SleepStateString|1|?SleepStateString@@3PAPADA
0x00DA3780|CombatDetectionCycles|1|?CombatDetectionCycles@@3PAUCombatDetectionCyle@@A
0x00DA5700|pCombatVariableName|1|?pCombatVariableName@@3PAPADA
0x00DA5AB8|pCombatStateNames|1|?pCombatStateNames@@3PAPBDA
0x00DA7E60|bDebugCombatTextColorDark|1|?bDebugCombatTextColorDark@@3V?$SettingT@VINISettingCollection@@@@A
0x00DA7ED0|bDebugCombatCoverReservations|1|?bDebugCombatCoverReservations@@3V?$SettingT@VINISettingCollection@@@@A
0x00DA9478|fMagicAreaScaleMin|1|?fMagicAreaScaleMin@@3V?$SettingT@VGameSettingCollection@@@@A
0x00DAA2E8|sMenuDisplayUnknownLocationString|1|?sMenuDisplayUnknownLocationString@@3V?$SettingT@VGameSettingCollection@@@@A
0x00DAD840|fLODLandDropAmount|1|?fLODLandDropAmount@@3V?$SettingT@VINISettingCollection@@@@A
0x00DC16BC|appTimer|15|?appTimer@@3VBSTimer@@A
0x00DC1D00|XGRAPHICS::scalar_ops_num_src|1|?scalar_ops_num_src@XGRAPHICS@@3PAHA
0x00DC3B3C|fRenderedTerminalFOV|2|?fRenderedTerminalFOV@@3V?$SettingT@VINISettingCollection@@@@A
0x00DC3CB4|sLanguage|8|?sLanguage@@3V?$SettingT@VINISettingCollection@@@@A
0x00DC3EA4|iNumHWThreads|3|?iNumHWThreads@@3V?$SettingT@VINISettingCollection@@@@A
0x00DC3F2C|iLevelsPerPerk|1|?iLevelsPerPerk@@3V?$SettingT@VGameSettingCollection@@@@A
0x00DC3F30|bINIGlobalNavMeshCheck|1|?bINIGlobalNavMeshCheck@@3V?$SettingT@VINISettingCollection@@@@A
0x00DC3F80|bFileSkipIconChecks|1|?bFileSkipIconChecks@@3V?$SettingT@VINISettingCollection@@@@A
0x00DC61EC|sArmorLowCond|1|?sArmorLowCond@@3V?$SettingT@VGameSettingCollection@@@@A
0x00DC63CC|bUsePipboyMode|1|?bUsePipboyMode@@3V?$SettingT@VINISettingCollection@@@@A
0x00DC7680|iTaskManagerThread|1|?iTaskManagerThread@@3V?$SettingT@VINISettingCollection@@@@A
0x00DC7ADC|iFPSClamp|1|?iFPSClamp@@3V?$SettingT@VINISettingCollection@@@@A
0x00DC8394|fKarmaModStealing|1|?fKarmaModStealing@@3V?$SettingT@VGameSettingCollection@@@@A
0x00DCA268|sLockLevelText|1|?sLockLevelText@@3V?$SettingT@VGameSettingCollection@@@@A
0x00DCA4F0|fGrassFadeRange|1|?fGrassFadeRange@@3V?$SettingT@VINISettingCollection@@@@A
0x00DCA728|dollyDelta|1|?dollyDelta@@3VNiPoint3@@A
0x00DCA72C|fVATSCameraDollyMin|1|?fVATSCameraDollyMin@@3V?$SettingT@VGameSettingCollection@@@@A
0x00DCAA84|sAmmoEffectSpread|1|?sAmmoEffectSpread@@3V?$SettingT@VGameSettingCollection@@@@A
0x00DCAAA0|sAmmoEffectCondition|1|?sAmmoEffectCondition@@3V?$SettingT@VGameSettingCollection@@@@A
0x00DCAAAC|sAmmoEffectDT|1|?sAmmoEffectDT@@3V?$SettingT@VGameSettingCollection@@@@A
0x00DCB6A0|sFirstPersonSkeleton|3|?sFirstPersonSkeleton@@3V?$SettingT@VGameSettingCollection@@@@A
0x00DCBA18|sQuickLoading|1|?sQuickLoading@@3V?$SettingT@VGameSettingCollection@@@@A
0x00DCBAA0|sCantRemoveWornItem|1|?sCantRemoveWornItem@@3V?$SettingT@VGameSettingCollection@@@@A
0x00DCBB40|fDetectionTimerSetting|1|?fDetectionTimerSetting@@3V?$SettingT@VGameSettingCollection@@@@A
0x00DCBBCC|sEquipItemOnPlayer|1|?sEquipItemOnPlayer@@3V?$SettingT@VGameSettingCollection@@@@A
0x00DCBD08|sAutoLoading|1|?sAutoLoading@@3V?$SettingT@VGameSettingCollection@@@@A
0x00DCD074|sLevelUpTitleText|1|?sLevelUpTitleText@@3V?$SettingT@VGameSettingCollection@@@@A
0x00DCDA1C|iActorKeepTurnDegree|1|?iActorKeepTurnDegree@@3V?$SettingT@VGameSettingCollection@@@@A
0x00DCDAD0|fAIEscortWaitDistanceInterior|1|?fAIEscortWaitDistanceInterior@@3V?$SettingT@VGameSettingCollection@@@@A
0x00DCDFCC|iJoystickMoveFrontBack|1|?iJoystickMoveFrontBack@@3V?$SettingT@VINISettingCollection@@@@A
0x00DCE10C|fVATSGrenadeRangeMin|1|?fVATSGrenadeRangeMin@@3V?$SettingT@VGameSettingCollection@@@@A
0x00DCE32C|fVATSStrangerOdds|1|?fVATSStrangerOdds@@3V?$SettingT@VGameSettingCollection@@@@A
0x00DCE494|fTargetMovedRepathLength|1|?fTargetMovedRepathLength@@3V?$SettingT@VGameSettingCollection@@@@A
0x00DCE534|fVATSScreenPercentFactor|1|?fVATSScreenPercentFactor@@3V?$SettingT@VGameSettingCollection@@@@A
0x00DCE654|fCombatSearchCheckInvestigateTime|1|?fCombatSearchCheckInvestigateTime@@3V?$SettingT@VGameSettingCollection@@@@A
0x00DCE684|fProjectileDebugDuration|1|?fProjectileDebugDuration@@3V?$SettingT@VINISettingCollection@@@@A
0x00DCE738|fVATSFortuneOdds|1|?fVATSFortuneOdds@@3V?$SettingT@VGameSettingCollection@@@@A
0x00DCE888|fVATSMeleeWarpDistanceMult|1|?fVATSMeleeWarpDistanceMult@@3V?$SettingT@VGameSettingCollection@@@@A
0x00DCE8F4|fCombatSearchCheckDoorMovingTime|1|?fCombatSearchCheckDoorMovingTime@@3V?$SettingT@VGameSettingCollection@@@@A
0x00DCEB98|fAIDodgeWalkChance|1|?fAIDodgeWalkChance@@3V?$SettingT@VGameSettingCollection@@@@A
0x00DCECC4|fCombatSearchCheckDoorMovingDistance|1|?fCombatSearchCheckDoorMovingDistance@@3V?$SettingT@VGameSettingCollection@@@@A
0x00DCEE54|fVATSRangeSpreadMax|1|?fVATSRangeSpreadMax@@3V?$SettingT@VGameSettingCollection@@@@A
0x00DCF2A0|fCombatSearchCheckDestinationMaxDistance|1|?fCombatSearchCheckDestinationMaxDistance@@3V?$SettingT@VGameSettingCollection@@@@A
0x00DCF678|fVATSMaxChance|1|?fVATSMaxChance@@3V?$SettingT@VGameSettingCollection@@@@A
0x00DCF7B8|fTargetMovedCoveredMoveRepathLength|1|?fTargetMovedCoveredMoveRepathLength@@3V?$SettingT@VGameSettingCollection@@@@A
0x00DCFAD4|fCombatSearchCheckDoorDistance|1|?fCombatSearchCheckDoorDistance@@3V?$SettingT@VGameSettingCollection@@@@A
0x00DCFD40|sBloodParticleDefault|1|?sBloodParticleDefault@@3V?$SettingT@VGameSettingCollection@@@@A
0x00DD012C|fSplashSoundHeavy|1|?fSplashSoundHeavy@@3V?$SettingT@VGameSettingCollection@@@@A
0x00DD018C|sInventoryDamageResistance|1|?sInventoryDamageResistance@@3V?$SettingT@VGameSettingCollection@@@@A
0x00DD0310|fSplashScale2|1|?fSplashScale2@@3V?$SettingT@VGameSettingCollection@@@@A
0x00DD0364|bShowQuestMarkers|1|?bShowQuestMarkers@@3VINIPrefSetting@@A
0x00DD04A8|fPlayerHealthHeartbeatFast|2|?fPlayerHealthHeartbeatFast@@3V?$SettingT@VGameSettingCollection@@@@A
0x00DD07F0|fSplashSoundLight|1|?fSplashSoundLight@@3V?$SettingT@VGameSettingCollection@@@@A
0x00DD0A54|fKillCameraCooldown|1|?fKillCameraCooldown@@3V?$SettingT@VGameSettingCollection@@@@A
0x00DD0A78|iExplosionDebug|1|?iExplosionDebug@@3V?$SettingT@VGameSettingCollection@@@@A
0x00DD0CE4|sBloodTextureDefault|1|?sBloodTextureDefault@@3V?$SettingT@VGameSettingCollection@@@@A
0x00DD12CC|fSneakExteriorDistanceMult|1|?fSneakExteriorDistanceMult@@3V?$SettingT@VGameSettingCollection@@@@A
0x00DD1458|fSplashSoundMedium|1|?fSplashSoundMedium@@3V?$SettingT@VGameSettingCollection@@@@A
0x00DD150C|fExplosionLOSBuffer|1|?fExplosionLOSBuffer@@3V?$SettingT@VGameSettingCollection@@@@A
0x00DD15A4|fMagicAreaScale|1|?fMagicAreaScale@@3V?$SettingT@VGameSettingCollection@@@@A
0x00DD1ACC|fMagicAreaScaleMax|1|?fMagicAreaScaleMax@@3V?$SettingT@VGameSettingCollection@@@@A
0x00DD1E18|sCantHotkeyBrokenItem|2|?sCantHotkeyBrokenItem@@3V?$SettingT@VGameSettingCollection@@@@A
0x00DD1E24|sNoPickpocketAgain|1|?sNoPickpocketAgain@@3V?$SettingT@VGameSettingCollection@@@@A
0x00DD1F08|sStatsH20Abbrev|2|?sStatsH20Abbrev@@3V?$SettingT@VGameSettingCollection@@@@A
0x00DD1F14|sSaveGameCorruptMenuMessage|1|?sSaveGameCorruptMenuMessage@@3V?$SettingT@VGameSettingCollection@@@@A
0x00DD1F38|sRSMCharacter|1|?sRSMCharacter@@3V?$SettingT@VGameSettingCollection@@@@A
0x00DD1F5C|sStatsRadResist|1|?sStatsRadResist@@3V?$SettingT@VGameSettingCollection@@@@A
0x00DD1F74|sHackingLockout1|1|?sHackingLockout1@@3V?$SettingT@VGameSettingCollection@@@@A
0x00DD1FA4|iInventoryAskQuantityAt|1|?iInventoryAskQuantityAt@@3V?$SettingT@VGameSettingCollection@@@@A
0x00DD1FC8|sChemsWornOff|1|?sChemsWornOff@@3V?$SettingT@VGameSettingCollection@@@@A
0x00DD1FD4|sRadiationDecrease|1|?sRadiationDecrease@@3V?$SettingT@VGameSettingCollection@@@@A
0x00DD1FEC|sReset|1|?sReset@@3V?$SettingT@VGameSettingCollection@@@@A
0x00DD2058|sJaw|1|?sJaw@@3V?$SettingT@VGameSettingCollection@@@@A
0x00DD20C4|fPackRatModifier|1|?fPackRatModifier@@3V?$SettingT@VGameSettingCollection@@@@A
0x00DD20DC|sTone|1|?sTone@@3V?$SettingT@VGameSettingCollection@@@@A
0x00DD2208|iMapMarkerRevealDistance|1|?iMapMarkerRevealDistance@@3V?$SettingT@VGameSettingCollection@@@@A
0x00DD22D4|sRSMEyeColor|1|?sRSMEyeColor@@3V?$SettingT@VGameSettingCollection@@@@A
0x00DD2364|sCantSaveNow|1|?sCantSaveNow@@3V?$SettingT@VGameSettingCollection@@@@A
0x00DD2388|fIronSightsMotionBlur|1|?fIronSightsMotionBlur@@3V?$SettingT@VGameSettingCollection@@@@A
0x00DD2394|sActivateNPCCalmed|1|?sActivateNPCCalmed@@3V?$SettingT@VGameSettingCollection@@@@A
0x00DD23A0|sRSMCustom|1|?sRSMCustom@@3V?$SettingT@VGameSettingCollection@@@@A
0x00DD2424|sBlackjackAntiCheatText|1|?sBlackjackAntiCheatText@@3V?$SettingT@VGameSettingCollection@@@@A
0x00DD246C|sStatsEFFAbbrev|1|?sStatsEFFAbbrev@@3V?$SettingT@VGameSettingCollection@@@@A
0x00DD25B0|sInventoryCaps|3|?sInventoryCaps@@3V?$SettingT@VGameSettingCollection@@@@A
0x00DD25D4|sNewSave|1|?sNewSave@@3V?$SettingT@VGameSettingCollection@@@@A
0x00DD2628|sTeammateOverencumbered|1|?sTeammateOverencumbered@@3V?$SettingT@VGameSettingCollection@@@@A
0x00DD26D0|sRSMBlueAbbrev|1|?sRSMBlueAbbrev@@3V?$SettingT@VGameSettingCollection@@@@A
0x00DD26F4|sExit|1|?sExit@@3V?$SettingT@VGameSettingCollection@@@@A
0x00DD2748|sPoisonNoWeaponMessage|1|?sPoisonNoWeaponMessage@@3V?$SettingT@VGameSettingCollection@@@@A
0x00DD27A8|sTravel|1|?sTravel@@3V?$SettingT@VGameSettingCollection@@@@A
0x00DD27FC|sFrenziedByPlayerMessage|1|?sFrenziedByPlayerMessage@@3V?$SettingT@VGameSettingCollection@@@@A
0x00DD2814|sPoisonAlreadyPoisonedMessage|1|?sPoisonAlreadyPoisonedMessage@@3V?$SettingT@VGameSettingCollection@@@@A
0x00DD28B0|sAnimationCanNotUnequip|1|?sAnimationCanNotUnequip@@3V?$SettingT@VGameSettingCollection@@@@A
0x00DD28D4|fBloodSplatterFlareMult|1|?fBloodSplatterFlareMult@@3V?$SettingT@VGameSettingCollection@@@@A
0x00DD28E0|fCreditsScrollSpeed|1|?fCreditsScrollSpeed@@3V?$SettingT@VINISettingCollection@@@@A
0x00DD2994|sStatsCNDAbbrev|1|?sStatsCNDAbbrev@@3V?$SettingT@VGameSettingCollection@@@@A
0x00DD29AC|sDehydrationIncrease|1|?sDehydrationIncrease@@3V?$SettingT@VGameSettingCollection@@@@A
0x00DD2A18|sInventoryRepair|1|?sInventoryRepair@@3V?$SettingT@VGameSettingCollection@@@@A
0x00DD2A78|sChallengeToggle|1|?sChallengeToggle@@3V?$SettingT@VGameSettingCollection@@@@A
0x00DD2B20|sRepairItem|1|?sRepairItem@@3V?$SettingT@VGameSettingCollection@@@@A
0x00DD2B2C|sHackingCorrect|1|?sHackingCorrect@@3V?$SettingT@VGameSettingCollection@@@@A
0x00DD2C4C|sSavesRemaining|1|?sSavesRemaining@@3V?$SettingT@VGameSettingCollection@@@@A
0x00DD2CB8|sComputersBack|1|?sComputersBack@@3V?$SettingT@VGameSettingCollection@@@@A
0x00DD2CE8|sAttributeDrained|1|?sAttributeDrained@@3V?$SettingT@VGameSettingCollection@@@@A
0x00DD2D18|sNotesToggle|1|?sNotesToggle@@3V?$SettingT@VGameSettingCollection@@@@A
0x00DD2E14|sRequirementsText|1|?sRequirementsText@@3V?$SettingT@VGameSettingCollection@@@@A
0x00DD2E20|sHour|1|?sHour@@3V?$SettingT@VGameSettingCollection@@@@A
0x00DD2E50|sCanNotEquipWornEnchantment|1|?sCanNotEquipWornEnchantment@@3V?$SettingT@VGameSettingCollection@@@@A
0x00DD2E80|sStatsSpecial|1|?sStatsSpecial@@3V?$SettingT@VGameSettingCollection@@@@A
0x00DD2F88|sStatsAP|1|?sStatsAP@@3V?$SettingT@VGameSettingCollection@@@@A
0x00DD2FAC|sSleepDeprevationIncrease|1|?sSleepDeprevationIncrease@@3V?$SettingT@VGameSettingCollection@@@@A
0x00DD2FD0|sBetMaxText|1|?sBetMaxText@@3V?$SettingT@VGameSettingCollection@@@@A
0x00DD300C|sVATSMessageLowAP|1|?sVATSMessageLowAP@@3V?$SettingT@VGameSettingCollection@@@@A
0x00DD3018|sEyebrowsvery|1|?sEyebrowsvery@@3V?$SettingT@VGameSettingCollection@@@@A
0x00DD3078|sRSMCustomize|1|?sRSMCustomize@@3V?$SettingT@VGameSettingCollection@@@@A
0x00DD3084|sChin|1|?sChin@@3V?$SettingT@VGameSettingCollection@@@@A
0x00DD30B4|fAbsorbGlowColorR|1|?fAbsorbGlowColorR@@3V?$SettingT@VGameSettingCollection@@@@A
0x00DD3114|sPlural|8|?sPlural@@3V?$SettingT@VGameSettingCollection@@@@A
0x00DD31C8|sEyes|1|?sEyes@@3V?$SettingT@VGameSettingCollection@@@@A
0x00DD31D4|iMaxCharacterLevel|1|?iMaxCharacterLevel@@3V?$SettingT@VGameSettingCollection@@@@A
0x00DD3204|sAlignEvil|1|?sAlignEvil@@3V?$SettingT@VGameSettingCollection@@@@A
0x00DD3240|sInventoryWeight|1|?sInventoryWeight@@3V?$SettingT@VGameSettingCollection@@@@A
0x00DD32C4|fAIDefaultSpeechMult|1|?fAIDefaultSpeechMult@@3V?$SettingT@VGameSettingCollection@@@@A
0x00DD32D0|sVatsSelect|1|?sVatsSelect@@3V?$SettingT@VGameSettingCollection@@@@A
0x00DD3360|sCaravanYouWinText|1|?sCaravanYouWinText@@3V?$SettingT@VGameSettingCollection@@@@A
0x00DD33B4|sSleepDeprevationDecrease|1|?sSleepDeprevationDecrease@@3V?$SettingT@VGameSettingCollection@@@@A
0x00DD33CC|sHackingHeader3|1|?sHackingHeader3@@3V?$SettingT@VGameSettingCollection@@@@A
0x00DD34F8|sYes|2|?sYes@@3V?$SettingT@VGameSettingCollection@@@@A
0x00DD3564|sContinue|1|?sContinue@@3V?$SettingT@VGameSettingCollection@@@@A
0x00DD35C4|sBack|1|?sBack@@3V?$SettingT@VGameSettingCollection@@@@A
0x00DD3600|sQuickSaving|1|?sQuickSaving@@3V?$SettingT@VGameSettingCollection@@@@A
0x00DD360C|bDebugTangents|1|?bDebugTangents@@3V?$SettingT@VINISettingCollection@@@@A
0x00DD3654|sAddItemtoSpellList|1|?sAddItemtoSpellList@@3V?$SettingT@VGameSettingCollection@@@@A
0x00DD3684|sNo|2|?sNo@@3V?$SettingT@VGameSettingCollection@@@@A
0x00DD36E4|sRSMHairStyle|1|?sRSMHairStyle@@3V?$SettingT@VGameSettingCollection@@@@A
0x00DD3798|sStopAudio|1|?sStopAudio@@3V?$SettingT@VGameSettingCollection@@@@A
0x00DD37C8|sStatsStatus|2|?sStatsStatus@@3V?$SettingT@VGameSettingCollection@@@@A
0x00DD3804|sTotalBetText|1|?sTotalBetText@@3V?$SettingT@VGameSettingCollection@@@@A
0x00DD38B8|sOk|4|?sOk@@3V?$SettingT@VGameSettingCollection@@@@A
0x00DD3900|hkxAnimatedMatrixClass|1|?hkxAnimatedMatrixClass@@3VhkClass@@B
0x00DD3930|psPS3GamepadText|1|?psPS3GamepadText@@3PAPAV?$SettingT@VGameSettingCollection@@@@A
0x00DD393C|bDebugPathingRequest|1|?bDebugPathingRequest@@3V?$SettingT@VINISettingCollection@@@@A
0x00DD3948|sWait|1|?sWait@@3V?$SettingT@VGameSettingCollection@@@@A
0x00DD3960|sRemaining|2|?sRemaining@@3V?$SettingT@VGameSettingCollection@@@@A
0x00DD39C0|sDelete|1|?sDelete@@3V?$SettingT@VGameSettingCollection@@@@A
0x00DD39F0|sNoDeviceSelected|1|?sNoDeviceSelected@@3V?$SettingT@VGameSettingCollection@@@@A
0x00DD3A08|iCapsLimit|1|?iCapsLimit@@3V?$SettingT@VGameSettingCollection@@@@A
0x00DD3A14|sRadiationIncrease|1|?sRadiationIncrease@@3V?$SettingT@VGameSettingCollection@@@@A
0x00DD3ABC|sCasinoChipText|2|?sCasinoChipText@@3V?$SettingT@VGameSettingCollection@@@@A
0x00DD3AC8|sHowMany|1|?sHowMany@@3V?$SettingT@VGameSettingCollection@@@@A
0x00DD3B08|sStatsHP|1|?sStatsHP@@3V?$SettingT@VGameSettingCollection@@@@A
0x00DD3B2C|sPlayTime|2|?sPlayTime@@3V?$SettingT@VGameSettingCollection@@@@A
0x00DD3BD4|sMiscTabText|1|?sMiscTabText@@3V?$SettingT@VGameSettingCollection@@@@A
0x00DD3C04|sChemsWithdrawal|1|?sChemsWithdrawal@@3V?$SettingT@VGameSettingCollection@@@@A
0x00DD3C70|sKarmaMajorGainedImage|1|?sKarmaMajorGainedImage@@3V?$SettingT@VGameSettingCollection@@@@A
0x00DD3CA0|sComputersAddedNote|1|?sComputersAddedNote@@3V?$SettingT@VGameSettingCollection@@@@A
0x00DD3CC4|fCrossSkillDamageMultiplier|1|?fCrossSkillDamageMultiplier@@3V?$SettingT@VGameSettingCollection@@@@A
0x00DD3D0C|sXBoxLoadNoDeviceMessage|1|?sXBoxLoadNoDeviceMessage@@3V?$SettingT@VGameSettingCollection@@@@A
0x00DD3D24|fVATSCrippledArmThrowingPenatly|1|?fVATSCrippledArmThrowingPenatly@@3V?$SettingT@VGameSettingCollection@@@@A
0x00DD3DB4|sLuckyWinText|3|?sLuckyWinText@@3V?$SettingT@VGameSettingCollection@@@@A
0x00DD3E08|pLocationTargetName|1|?pLocationTargetName@@3PAPADA
0x00DD3E20|sCantEquipBrokenItem|1|?sCantEquipBrokenItem@@3V?$SettingT@VGameSettingCollection@@@@A
0x00DD3E38|sUnequipItemOnPlayer|1|?sUnequipItemOnPlayer@@3V?$SettingT@VGameSettingCollection@@@@A
0x00DD3E74|sStats|1|?sStats@@3V?$SettingT@VGameSettingCollection@@@@A
0x00DD3E98|cpmaxConcentricLengthA|1|?cpmaxConcentricLengthA@@3PAPAV?$SettingT@VINISettingCollection@@@@A
0x00DD3EB0|sFemale|1|?sFemale@@3V?$SettingT@VGameSettingCollection@@@@A
0x00DD3EBC|sRadiationSick|3|?sRadiationSick@@3V?$SettingT@VGameSettingCollection@@@@A
0x00DD3EE0|fDlgLookDegStop|1|?fDlgLookDegStop@@3V?$SettingT@VINISettingCollection@@@@A
0x00DD3F4C|sSecondDozenText|1|?sSecondDozenText@@3V?$SettingT@VGameSettingCollection@@@@A
0x00DD3F70|sPCControlsTextNone|1|?sPCControlsTextNone@@3V?$SettingT@VGameSettingCollection@@@@A
0x00DD3FA0|fShockBranchBoltsRadius|1|?fShockBranchBoltsRadius@@3V?$SettingT@VGameSettingCollection@@@@A
0x00DD3FDC|sStatsNoEffects|1|?sStatsNoEffects@@3V?$SettingT@VGameSettingCollection@@@@A
0x00DD3FE8|sSpeechChallengeSuccess|1|?sSpeechChallengeSuccess@@3V?$SettingT@VGameSettingCollection@@@@A
0x00DD4030|sRepairAllItems|1|?sRepairAllItems@@3V?$SettingT@VGameSettingCollection@@@@A
0x00DD4048|bHideUnavailablePerks|1|?bHideUnavailablePerks@@3V?$SettingT@VINISettingCollection@@@@A
0x00DD40D8|sSleepDeprevationNotSick|1|?sSleepDeprevationNotSick@@3V?$SettingT@VGameSettingCollection@@@@A
0x00DD4108|sRemoveMarker|1|?sRemoveMarker@@3V?$SettingT@VGameSettingCollection@@@@A
0x00DD412C|sInventoryDamagePerSecond|1|?sInventoryDamagePerSecond@@3V?$SettingT@VGameSettingCollection@@@@A
0x00DD4180|sBrow|1|?sBrow@@3V?$SettingT@VGameSettingCollection@@@@A
0x00DD41A4|iQuestReminderTimeLimit|1|?iQuestReminderTimeLimit@@3V?$SettingT@VGameSettingCollection@@@@A
0x00DD41B0|sAlignVeryGood|1|?sAlignVeryGood@@3V?$SettingT@VGameSettingCollection@@@@A
0x00DD41BC|sStatsGeneral|1|?sStatsGeneral@@3V?$SettingT@VGameSettingCollection@@@@A
0x00DD42F4|sAutoSaveDisabledLoadAnyways|1|?sAutoSaveDisabledLoadAnyways@@3V?$SettingT@VGameSettingCollection@@@@A
0x00DD430C|sHackingIntro06|1|?sHackingIntro06@@3V?$SettingT@VGameSettingCollection@@@@A
0x00DD4318|sRSMGreenAbbrev|1|?sRSMGreenAbbrev@@3V?$SettingT@VGameSettingCollection@@@@A
0x00DD4348|sRadioStationDiscovered|1|?sRadioStationDiscovered@@3V?$SettingT@VGameSettingCollection@@@@A
0x00DD4360|sPicksRemainingText|1|?sPicksRemainingText@@3V?$SettingT@VGameSettingCollection@@@@A
0x00DD43D8|sRSMHair|1|?sRSMHair@@3V?$SettingT@VGameSettingCollection@@@@A
0x00DD4474|fValueofItemForNoOwnership|1|?fValueofItemForNoOwnership@@3V?$SettingT@VGameSettingCollection@@@@A
0x00DD4480|sNose|1|?sNose@@3V?$SettingT@VGameSettingCollection@@@@A
0x00DD44A4|sWorldMapTabText|1|?sWorldMapTabText@@3V?$SettingT@VGameSettingCollection@@@@A
0x00DD457C|sAlignNeutral|1|?sAlignNeutral@@3V?$SettingT@VGameSettingCollection@@@@A
0x00DD45C4|sWeaponLowCond|1|?sWeaponLowCond@@3V?$SettingT@VGameSettingCollection@@@@A
0x00DD45E8|sConfirmChoice1|1|?sConfirmChoice1@@3V?$SettingT@VGameSettingCollection@@@@A
0x00DD4618|sOverEncumbered|1|?sOverEncumbered@@3V?$SettingT@VGameSettingCollection@@@@A
0x00DD4684|fRumbleHitBlockedStrength|1|?fRumbleHitBlockedStrength@@3V?$SettingT@VGameSettingCollection@@@@A
0x00DD46E4|sSaveGameCorrupt|1|?sSaveGameCorrupt@@3V?$SettingT@VGameSettingCollection@@@@A
0x00DD475C|sCursorFilename|1|?sCursorFilename@@3V?$SettingT@VGameSettingCollection@@@@A
0x00DD4768|sMapMarkerAdded|1|?sMapMarkerAdded@@3V?$SettingT@VGameSettingCollection@@@@A
0x00DD4780|sRepairSkill|1|?sRepairSkill@@3V?$SettingT@VGameSettingCollection@@@@A
0x00DD4810|sObjectInUse|1|?sObjectInUse@@3V?$SettingT@VGameSettingCollection@@@@A
0x00DD487C|sSlotAntiCheatText|1|?sSlotAntiCheatText@@3V?$SettingT@VGameSettingCollection@@@@A
0x00DD48D0|sLocalMapTabText|1|?sLocalMapTabText@@3V?$SettingT@VGameSettingCollection@@@@A
0x00DD4930|sMenuDisplayXBoxSaveMessage|1|?sMenuDisplayXBoxSaveMessage@@3V?$SettingT@VGameSettingCollection@@@@A
0x00DD4A68|fRumbleBlockStrength|1|?fRumbleBlockStrength@@3V?$SettingT@VGameSettingCollection@@@@A
0x00DD4A74|sRSMFace|1|?sRSMFace@@3V?$SettingT@VGameSettingCollection@@@@A
0x00DD4BD0|sStatsPerks|1|?sStatsPerks@@3V?$SettingT@VGameSettingCollection@@@@A
0x00DD4C3C|hkpMeshMaterialClass|1|?hkpMeshMaterialClass@@3VhkClass@@B
0x00DD4C6C|sRadiationNotSick|1|?sRadiationNotSick@@3V?$SettingT@VGameSettingCollection@@@@A
0x00DD4CF0|sChemsAddicted|1|?sChemsAddicted@@3V?$SettingT@VGameSettingCollection@@@@A
0x00DD4CFC|sPlayAudio|1|?sPlayAudio@@3V?$SettingT@VGameSettingCollection@@@@A
0x00DD4D14|sQuestAdded|1|?sQuestAdded@@3V?$SettingT@VGameSettingCollection@@@@A
0x00DD4D20|sRSMSex|1|?sRSMSex@@3V?$SettingT@VGameSettingCollection@@@@A
0x00DD4DBC|sBetText|1|?sBetText@@3V?$SettingT@VGameSettingCollection@@@@A
0x00DD4E64|fMagicSunDamageScreenGlowRateDown|1|?fMagicSunDamageScreenGlowRateDown@@3V?$SettingT@VGameSettingCollection@@@@A
0x00DD4E7C|sAddItemtoInventory|4|?sAddItemtoInventory@@3V?$SettingT@VGameSettingCollection@@@@A
0x00DD4E94|sPoisonConfirmMessage|1|?sPoisonConfirmMessage@@3V?$SettingT@VGameSettingCollection@@@@A
0x00DD4EE8|sMaintainItem|1|?sMaintainItem@@3V?$SettingT@VGameSettingCollection@@@@A
0x00DD4EF4|sStatsLVLAbbrev|1|?sStatsLVLAbbrev@@3V?$SettingT@VGameSettingCollection@@@@A
0x00DD4F0C|sSaveGameDeviceError|1|?sSaveGameDeviceError@@3V?$SettingT@VGameSettingCollection@@@@A
0x00DD4F3C|sCaravanYouLoseText|1|?sCaravanYouLoseText@@3V?$SettingT@VGameSettingCollection@@@@A
0x00DD4FD8|sHungerNotSick|1|?sHungerNotSick@@3V?$SettingT@VGameSettingCollection@@@@A
0x00DD4FE4|fDefaultDistortDuration|1|?fDefaultDistortDuration@@3V?$SettingT@VINISettingCollection@@@@A
0x00DD4FFC|sAlignVeryEvil|1|?sAlignVeryEvil@@3V?$SettingT@VGameSettingCollection@@@@A
0x00DD502C|sActiveMineDescription|1|?sActiveMineDescription@@3V?$SettingT@VGameSettingCollection@@@@A
0x00DD50B0|sCommsTabText|1|?sCommsTabText@@3V?$SettingT@VGameSettingCollection@@@@A
0x00DD50BC|sNoSleepInRadiation|1|?sNoSleepInRadiation@@3V?$SettingT@VGameSettingCollection@@@@A
0x00DD50E0|sShape|1|?sShape@@3V?$SettingT@VGameSettingCollection@@@@A
0x00DD5110|sImpossibleLock|1|?sImpossibleLock@@3V?$SettingT@VGameSettingCollection@@@@A
0x00DD5130|sLevelAbbrev|1|?sLevelAbbrev@@3V?$SettingT@VGameSettingCollection@@@@A
0x00DD5748|sSneakAttackCriticalStrike|1|?sSneakAttackCriticalStrike@@3V?$SettingT@VGameSettingCollection@@@@A
0x00DD57AC|eLimbForChallenge|1|?eLimbForChallenge@@3PAW4LIMB_CHALLENGE@BGSBodyPart@@A
0x00DD57B0|fCombatSpeakHitChance|1|?fCombatSpeakHitChance@@3V?$SettingT@VGameSettingCollection@@@@A
0x00DD584C|fRumbleStruckTime|1|?fRumbleStruckTime@@3V?$SettingT@VGameSettingCollection@@@@A
0x00DD5880|iCombatCrippledTorsoHitStaggerChance|1|?iCombatCrippledTorsoHitStaggerChance@@3V?$SettingT@VGameSettingCollection@@@@A
0x00DD5884|sCriticalStrike|1|?sCriticalStrike@@3V?$SettingT@VGameSettingCollection@@@@A
0x00DD5900|fRumbleHitBlockedTime|1|?fRumbleHitBlockedTime@@3V?$SettingT@VGameSettingCollection@@@@A
0x00DD593C|fRumbleHitStrength|1|?fRumbleHitStrength@@3V?$SettingT@VGameSettingCollection@@@@A
0x00DD5940|fGetHitPainMult|1|?fGetHitPainMult@@3V?$SettingT@VGameSettingCollection@@@@A
0x00DD7188|bAnimateDoorPhysics|1|?bAnimateDoorPhysics@@3V?$SettingT@VINISettingCollection@@@@A
0x00DD73E4|bUseObstacleAvoidance|1|?bUseObstacleAvoidance@@3V?$SettingT@VINISettingCollection@@@@A
0x00DD8840|FaderData|1|?FaderData@@3PAUFADER_DATA@@A
0x00DD8D44|fMenuBackgroundOpacity|1|?fMenuBackgroundOpacity@@3V?$SettingT@VINISettingCollection@@@@A
0x00DD8FA4|sInventoryItems|1|?sInventoryItems@@3V?$SettingT@VGameSettingCollection@@@@A
0x00DD8FA8|sCancelBarter|1|?sCancelBarter@@3V?$SettingT@VGameSettingCollection@@@@A
0x00DD8FB0|sInventoryEffects|1|?sInventoryEffects@@3V?$SettingT@VGameSettingCollection@@@@A
0x00DD9054|sUnluckyLoseText|1|?sUnluckyLoseText@@3V?$SettingT@VGameSettingCollection@@@@A
0x00DD9058|pCoverDebugInfoStateText|1|?pCoverDebugInfoStateText@@3PAPADA
0x00DD9098|pCombatItemName|1|?pCombatItemName@@3PAPADA
0x00DD9184|bLoadFaceGenHeadEGTFiles|1|?bLoadFaceGenHeadEGTFiles@@3V?$SettingT@VINISettingCollection@@@@A
0x00DD93F8|sTakeAll|1|?sTakeAll@@3V?$SettingT@VGameSettingCollection@@@@A
0x00DD9500|fDialogFocalDepthRange|1|?fDialogFocalDepthRange@@3V?$SettingT@VGameSettingCollection@@@@A
0x00DD9508|bDialogueSubtitles|1|?bDialogueSubtitles@@3VINIPrefSetting@@A
0x00DD951C|fDBVoiceAttenuationIn2D|1|?fDBVoiceAttenuationIn2D@@3V?$SettingT@VINISettingCollection@@@@A
0x00DD95B8|iHackingDumpRate|1|?iHackingDumpRate@@3V?$SettingT@VGameSettingCollection@@@@A
0x00DD9604|iHackingInputRate|1|?iHackingInputRate@@3V?$SettingT@VGameSettingCollection@@@@A
0x00DD96BC|fQuestCinematicCharacterRemain|1|?fQuestCinematicCharacterRemain@@3V?$SettingT@VGameSettingCollection@@@@A
0x00DD96C0|fHudOpacity|4|?fHudOpacity@@3VINIPrefSetting@@A
0x00DD9C40|sBroken|1|?sBroken@@3V?$SettingT@VGameSettingCollection@@@@A
0x00DD9E60|sDiscoveredText|1|?sDiscoveredText@@3V?$SettingT@VGameSettingCollection@@@@A
0x00DD9E64|iMapMarkerVisibleDistance|1|?iMapMarkerVisibleDistance@@3V?$SettingT@VGameSettingCollection@@@@A
0x00DD9E84|sStatsXP|1|?sStatsXP@@3V?$SettingT@VGameSettingCollection@@@@A
0x00DD9E88|sLevelUp|1|?sLevelUp@@3V?$SettingT@VGameSettingCollection@@@@A
0x00DD9EA4|sInventoryAid|1|?sInventoryAid@@3V?$SettingT@VGameSettingCollection@@@@A
0x00DD9EA8|sCantHotkeyItem|1|?sCantHotkeyItem@@3V?$SettingT@VGameSettingCollection@@@@A
0x00DD9EB4|sInventoryDamageThreshold|1|?sInventoryDamageThreshold@@3V?$SettingT@VGameSettingCollection@@@@A
0x00DD9EB8|sAnimatonCanNotDropItem|1|?sAnimatonCanNotDropItem@@3V?$SettingT@VGameSettingCollection@@@@A
0x00DD9FD0|fScrollKnobIncrement|1|?fScrollKnobIncrement@@3V?$SettingT@VINISettingCollection@@@@A
0x00DD9FF0|sMissingName|1|?sMissingName@@3V?$SettingT@VGameSettingCollection@@@@A
0x00DDA1F8|sForceLock|1|?sForceLock@@3V?$SettingT@VGameSettingCollection@@@@A
0x00DDA1FC|fLockpickBonusHealth|2|?fLockpickBonusHealth@@3V?$SettingT@VGameSettingCollection@@@@A
0x00DDA204|sLockpickSkillTooLow|1|?sLockpickSkillTooLow@@3V?$SettingT@VGameSettingCollection@@@@A
0x00DDA28C|sLockBroken|1|?sLockBroken@@3V?$SettingT@VGameSettingCollection@@@@A
0x00DDA290|cpminSweetSpotLengthA|1|?cpminSweetSpotLengthA@@3PAPAV?$SettingT@VINISettingCollection@@@@A
0x00DDA2C8|LoveTesterAnimations|1|?LoveTesterAnimations@@3PAPBDA
0x00DDA368|sShowAllNotes|1|?sShowAllNotes@@3V?$SettingT@VGameSettingCollection@@@@A
0x00DDA404|fKeyRepeatInterval|1|?fKeyRepeatInterval@@3V?$SettingT@VINISettingCollection@@@@A
0x00DDA6CC|fMiniBurstIntensity|1|?fMiniBurstIntensity@@3V?$SettingT@VINISettingCollection@@@@A
0x00DDA6F4|sRSMRace|1|?sRSMRace@@3V?$SettingT@VGameSettingCollection@@@@A
0x00DDA75C|sCantRepairPastMax|1|?sCantRepairPastMax@@3V?$SettingT@VGameSettingCollection@@@@A
0x00DDA760|fRepairSkillMax|1|?fRepairSkillMax@@3V?$SettingT@VGameSettingCollection@@@@A
0x00DDA7E8|sNoItemsToRepair|1|?sNoItemsToRepair@@3V?$SettingT@VGameSettingCollection@@@@A
0x00DDA7F0|sRepairServicesTitle|1|?sRepairServicesTitle@@3V?$SettingT@VGameSettingCollection@@@@A
0x00DDA870|sRouletteAntiCheatText|1|?sRouletteAntiCheatText@@3V?$SettingT@VGameSettingCollection@@@@A
0x00DDA878|sDecreaseBetText|1|?sDecreaseBetText@@3V?$SettingT@VGameSettingCollection@@@@A
0x00DDA87C|sYouBreakEvenText|1|?sYouBreakEvenText@@3V?$SettingT@VGameSettingCollection@@@@A
0x00DDA880|sGamblingBrokeText|2|?sGamblingBrokeText@@3V?$SettingT@VGameSettingCollection@@@@A
0x00DDA920|sSleep|1|?sSleep@@3V?$SettingT@VGameSettingCollection@@@@A
0x00DDA998|sIncreaseBetText|1|?sIncreaseBetText@@3V?$SettingT@VGameSettingCollection@@@@A
0x00DDA9A4|sSpinText|1|?sSpinText@@3V?$SettingT@VGameSettingCollection@@@@A
0x00DDA9A8|sGamblingMinWinText|1|?sGamblingMinWinText@@3V?$SettingT@VGameSettingCollection@@@@A
0x00DDA9AC|sGamblingBannedText|3|?sGamblingBannedText@@3V?$SettingT@VGameSettingCollection@@@@A
0x00DDAAC0|sDefaults|1|?sDefaults@@3V?$SettingT@VGameSettingCollection@@@@A
0x00DDAB50|sConfirmDelete|1|?sConfirmDelete@@3V?$SettingT@VGameSettingCollection@@@@A
0x00DDAC68|sDeviceRemoved|1|?sDeviceRemoved@@3V?$SettingT@VGameSettingCollection@@@@A
0x00DDACE0|sQuestsTabText|1|?sQuestsTabText@@3V?$SettingT@VGameSettingCollection@@@@A
0x00DDAD78|sStatsBody|1|?sStatsBody@@3V?$SettingT@VGameSettingCollection@@@@A
0x00DDAD80|sStatsLimbs|1|?sStatsLimbs@@3V?$SettingT@VGameSettingCollection@@@@A
0x00DDAD8C|sReputationButton|1|?sReputationButton@@3V?$SettingT@VGameSettingCollection@@@@A
0x00DDAF74|sTraitMenuTitleText|1|?sTraitMenuTitleText@@3V?$SettingT@VGameSettingCollection@@@@A
0x00DDB0D4|sVatsTarget|1|?sVatsTarget@@3V?$SettingT@VGameSettingCollection@@@@A
0x00DDB1C0|iVATSConcentratedFireBonus|1|?iVATSConcentratedFireBonus@@3V?$SettingT@VGameSettingCollection@@@@A
0x00DDB2CC|fScanlineScalePipboy|1|?fScanlineScalePipboy@@3V?$SettingT@VINISettingCollection@@@@A
0x00DDB2F0|fScrollKnobRate|1|?fScrollKnobRate@@3V?$SettingT@VINISettingCollection@@@@A
0x00DDB608|fTermScreenLightBaseIntensity|1|?fTermScreenLightBaseIntensity@@3V?$SettingT@VINISettingCollection@@@@A
0x00DDB63C|fRenderedTerminalHPos|1|?fRenderedTerminalHPos@@3V?$SettingT@VINISettingCollection@@@@A
0x00DDB644|fTermScreenLightRadius|1|?fTermScreenLightRadius@@3V?$SettingT@VINISettingCollection@@@@A
0x00DDB668|fTermScreenLightColorB|1|?fTermScreenLightColorB@@3V?$SettingT@VINISettingCollection@@@@A
0x00DDCFA4|fAIGreetingTimer|1|?fAIGreetingTimer@@3V?$SettingT@VGameSettingCollection@@@@A
0x00DDDF38|fSecondsBetweenWindowUpdate|1|?fSecondsBetweenWindowUpdate@@3V?$SettingT@VGameSettingCollection@@@@A
0x00DDE134|sPressStart|1|?sPressStart@@3V?$SettingT@VGameSettingCollection@@@@A
0x00DDE45C|bDebugSaveBuffer|58|?bDebugSaveBuffer@@3V?$SettingT@VINISettingCollection@@@@A
0x00DDE7B8|appCalendar|4|?appCalendar@@3VCalendar@@A
0x00DDEA0C|fXenonMenuMouseXYMult|1|?fXenonMenuMouseXYMult@@3V?$SettingT@VINISettingCollection@@@@A
0x00DDEA10|uGridsToLoad|2|?uGridsToLoad@@3V?$SettingT@VINISettingCollection@@@@A
0x00DDEA20|bUseSunbeams|1|?bUseSunbeams@@3V?$SettingT@VINISettingCollection@@@@A
0x00DDEA3C|pVATS|15|?pVATS@@3VVATS@@A
0x00DDEEC0|iConsoleTextXPos|1|?iConsoleTextXPos@@3V?$SettingT@VINISettingCollection@@@@A
0x00DDF69C|fINITurnSpeedScale|1|?fINITurnSpeedScale@@3V?$SettingT@VINISettingCollection@@@@A
0x00DDF6EC|bDisplayTimersByThread|1|?bDisplayTimersByThread@@3V?$SettingT@VINISettingCollection@@@@A
0x00DDF71C|ActorMovementUpdate|1|?ActorMovementUpdate@@3VBSPerformanceTimer@@A
0x00DDFB18|iAIThread1HWThread|1|?iAIThread1HWThread@@3V?$SettingT@VINISettingCollection@@@@A
0x00DE0780|sVATSMessageNoAmmo|1|?sVATSMessageNoAmmo@@3V?$SettingT@VGameSettingCollection@@@@A
0x00DE07E0|fPlayerWeaponReloadTimer|1|?fPlayerWeaponReloadTimer@@3V?$SettingT@VGameSettingCollection@@@@A
0x00DE094C|fDlgHeadingDegStart|1|?fDlgHeadingDegStart@@3V?$SettingT@VINISettingCollection@@@@A
0x00DE0A30|fKarmaModKillingVeryEvilActor|1|?fKarmaModKillingVeryEvilActor@@3V?$SettingT@VGameSettingCollection@@@@A
0x00DE0BEC|iJoystickMoveLeftRight|1|?iJoystickMoveLeftRight@@3V?$SettingT@VINISettingCollection@@@@A
0x00DE0D3C|fDlgLookDegStart|1|?fDlgLookDegStart@@3V?$SettingT@VINISettingCollection@@@@A
0x00DE0D48|fDlgHeadingDegStop|1|?fDlgHeadingDegStop@@3V?$SettingT@VINISettingCollection@@@@A
0x00DE0E80|ReferenceProcessLists|12|?ReferenceProcessLists@@3VProcessLists@@A
0x00DF11E0|iSpeakSoundLipDistance|1|?iSpeakSoundLipDistance@@3V?$SettingT@VGameSettingCollection@@@@A
0x00DF15B0|bDebugCombatGroups2|1|?bDebugCombatGroups2@@3V?$SettingT@VINISettingCollection@@@@A
0x00DF1824|bDebugCombatUnreachableLocations|1|?bDebugCombatUnreachableLocations@@3V?$SettingT@VINISettingCollection@@@@A
0x00DF1878|bDebugCombatGroups|1|?bDebugCombatGroups@@3V?$SettingT@VINISettingCollection@@@@A
0x00DF20B8|bProjectileDebug|1|?bProjectileDebug@@3V?$SettingT@VINISettingCollection@@@@A
0x00DF21B8|fVATSH2HWarpDistanceMult|1|?fVATSH2HWarpDistanceMult@@3V?$SettingT@VGameSettingCollection@@@@A
0x00DF21CC|sVatsUnarmedAttackGround|1|?sVatsUnarmedAttackGround@@3V?$SettingT@VGameSettingCollection@@@@A
0x00DF2250|iXPRewardDiscoverMapMarker|1|?iXPRewardDiscoverMapMarker@@3V?$SettingT@VGameSettingCollection@@@@A
0x00DF3068|bCutDoors|2|?bCutDoors@@3V?$SettingT@VINISettingCollection@@@@A
0x00DF3368|sDefaultTexAtlas|2|?sDefaultTexAtlas@@3V?$SettingT@VINISettingCollection@@@@A
0x00DF36F8|pLastViewerStringsControllerManager|1|?pLastViewerStringsControllerManager@@3PAPAVNiControllerManager@@A
0x00DF426C|objToBone|1|?objToBone@@3PAW4BIPED_BONE@@A
0x00DF6238|fMinBloodDamage|1|?fMinBloodDamage@@3V?$SettingT@VINISettingCollection@@@@A
0x00DF6394|fTabKnobMoveRate|1|?fTabKnobMoveRate@@3V?$SettingT@VINISettingCollection@@@@A
0x00DF8B7C|std::cerr|1|?cerr@std@@3V?$basic_ostream@DU?$char_traits@D@std@@@1@A
0x00DF94FC|bDoTestHDR|14|?bDoTestHDR@@3V?$SettingT@VINISettingCollection@@@@A
0x00DF9F80|iMaxAnisotropy|1|?iMaxAnisotropy@@3V?$SettingT@VINISettingCollection@@@@A
0x00E00080|iRenderingThread2HWThread|1|?iRenderingThread2HWThread@@3V?$SettingT@VINISettingCollection@@@@A
0x00E015E8|sNoTalkUnConscious|1|?sNoTalkUnConscious@@3V?$SettingT@VGameSettingCollection@@@@A
0x00E02800|bAllowBinkSkipping|1|?bAllowBinkSkipping@@3V?$SettingT@VINISettingCollection@@@@A
0x00E02D98|bUseImageSpaceMenuFX|1|?bUseImageSpaceMenuFX@@3V?$SettingT@VINISettingCollection@@@@A
0x00E02DE8|uLightExcessGeometryBudgetCap|1|?uLightExcessGeometryBudgetCap@@3V?$SettingT@VINISettingCollection@@@@A
0x00E02FA0|bDebugCombatCoverReservationsText|1|?bDebugCombatCoverReservationsText@@3V?$SettingT@VINISettingCollection@@@@A
0x00E03150|fDialogZoomInSeconds|1|?fDialogZoomInSeconds@@3V?$SettingT@VGameSettingCollection@@@@A
0x00E05868|sEarningsText|4|?sEarningsText@@3V?$SettingT@VGameSettingCollection@@@@A
0x00E16800|sCancel|2|?sCancel@@3V?$SettingT@VGameSettingCollection@@@@A
0x00E16804|fRadioStaticAtOuterRadiusPct|1|?fRadioStaticAtOuterRadiusPct@@3V?$SettingT@VINISettingCollection@@@@A
0x00E32068|sRepairSkillTooLow|1|?sRepairSkillTooLow@@3V?$SettingT@VGameSettingCollection@@@@A
0x00E5E904|fTermScreenLightColorR|1|?fTermScreenLightColorR@@3V?$SettingT@VINISettingCollection@@@@A
0x00E677D0|hkBaseSystemIsInitialized|1|?hkBaseSystemIsInitialized@@3VhkBool@@A
0x00E681FC|hkpEntityClass|1|?hkpEntityClass@@3VhkClass@@B
0x00E6835C|hkQuadReal0000|9|?hkQuadReal0000@@3U__vector4@@B
0x00E68360|hkQuadReal1111|13|?hkQuadReal1111@@3U__vector4@@B
0x00E68560|hkpPhysicsDataClass|1|?hkpPhysicsDataClass@@3VhkClass@@B
0x00E68808|hkpWorldObjectClass|1|?hkpWorldObjectClass@@3VhkClass@@B
0x00E68910|hkpShapeClass|2|?hkpShapeClass@@3VhkClass@@B
0x00E68940|hkpConvexShapeClass|2|?hkpConvexShapeClass@@3VhkClass@@B
0x00E6902C|hkpPhantomClass|3|?hkpPhantomClass@@3VhkClass@@B
0x00E69138|hkpWorldCinfoClass|1|?hkpWorldCinfoClass@@3VhkClass@@B
0x00E69198|hkpShapeCollectionClass|3|?hkpShapeCollectionClass@@3VhkClass@@B
0x00E69514|hkpSimulationClass|1|?hkpSimulationClass@@3VhkClass@@B
0x00E6ED90|hkClassMemberClass|1|?hkClassMemberClass@@3VhkClass@@B
0x00E6FD98|bDisableAllGore|1|?bDisableAllGore@@3V?$SettingT@VINISettingCollection@@@@A
0x00E90F08|hkReferencedObjectClass|1|?hkReferencedObjectClass@@3VhkClass@@B
0x00E90F10|hkxSparselyAnimatedEnumClass|1|?hkxSparselyAnimatedEnumClass@@3VhkClass@@B
0x00EC5FE8|fCrossSkillChance|1|?fCrossSkillChance@@3V?$SettingT@VGameSettingCollection@@@@A
0x00EC7868|iPlayerCustomClass|1|?iPlayerCustomClass@@3V?$SettingT@VGameSettingCollection@@@@A
0x00EC818C|iAnimationClonePerLoop|1|?iAnimationClonePerLoop@@3V?$SettingT@VINISettingCollection@@@@A
0x00EC8A84|AnimUpdate|1|?AnimUpdate@@3VBSPerformanceTimer@@A
0x00EC8A8C|pSoundPriorityBoneName|1|?pSoundPriorityBoneName@@3PAPADA
0x00EC908C|fAnimationMult|1|?fAnimationMult@@3V?$SettingT@VINISettingCollection@@@@A
0x00EEE884|pSphereVertices|1|?pSphereVertices@@3PAY02NA
0x00EEE8C8|fAIEscortWaitDistanceExterior|1|?fAIEscortWaitDistanceExterior@@3V?$SettingT@VGameSettingCollection@@@@A
0x00F0248C|fAutoAimMaxDegreesVATS|1|?fAutoAimMaxDegreesVATS@@3V?$SettingT@VGameSettingCollection@@@@A
0x00F14BE8|objectLabel|1|?objectLabel@@3PAPADA
0x00F161E8|objectID|1|?objectID@@3PAEA
0x00F175E8|bFileTestLoad|1|?bFileTestLoad@@3V?$SettingT@VINISettingCollection@@@@A
0x00F1E900|fVATSStrangerDistance|1|?fVATSStrangerDistance@@3V?$SettingT@VGameSettingCollection@@@@A
0x00F8E8C8|fAddictionUsageMonitorThreshold|1|?fAddictionUsageMonitorThreshold@@3V?$SettingT@VGameSettingCollection@@@@A
0x00F8E900|fCombatMinEngageDistance|1|?fCombatMinEngageDistance@@3V?$SettingT@VGameSettingCollection@@@@A
0x00F94620|hkVector4Util::hkAabbUint32MaxVal|1|?hkAabbUint32MaxVal@hkVector4Util@@3U__vector4@@A
0x00F9E900|bDisableNPCAttacks|1|?bDisableNPCAttacks@@3V?$SettingT@VINISettingCollection@@@@A
0x00FBE868|fAutoAimMaxDegreesMelee|1|?fAutoAimMaxDegreesMelee@@3V?$SettingT@VGameSettingCollection@@@@A
0x00FCE804|fSneakMaxDistance|1|?fSneakMaxDistance@@3V?$SettingT@VGameSettingCollection@@@@A
